text,created_date,rubrics
"–°–ª–∏–≤ –∏–Ω—Ñ–æ—Ä–º–∞—Ü–∏–∏ –Ω–∞ –ø–∞—Å—Å–∏–≤–∫–∏:

‚Ä¢ –ë—É–ª–ª (–ë–ª–æ–∫–∏—Ä–æ–≤–∫–∞ –±–æ–ª–∏)
‚Ä¢ –î–∂–µ—Å—Å–∏ (–ú–∞—Å—Å–æ–≤—ã–π —à–æ–∫)
‚Ä¢ –ü–æ–∫–æ (–ó–≤—É–∫–æ—Ç–µ—Ä–∞–ø–∏—è)
‚Ä¢ –î—ç—Ä—Ä–∏–ª (–ü–µ—Ä–µ–∑–∞—Ä—è–¥–∫–∞ –Ω–∞ —Ö–æ–¥—É)
‚Ä¢ –ö–∞—Ä–ª (–†–∞–∑–≥—Ä–æ–º)
‚Ä¢ –ë–∏–±–∏ (–õ–∏–ø–∫–∞—è –∂–≤–∞—á–∫–∞ –∏ –ü–æ–ª–Ω–∞—è –≥–æ—Ç–æ–≤–Ω–æ—Å—Ç—å)
‚Ä¢ –ú–æ—Ä—Ç–∏—Å (–°–≤–µ—Ä–Ω—É–≤—à–∞—è—Å—è –∑–º–µ—è –∏ –ù–µ—É–ª–æ–≤–∏–º—ã–π)
‚Ä¢ –õ–µ–æ–Ω (–¢–∞–π–Ω–æ–µ –ª–µ–∫–∞—Ä—Å—Ç–≤–æ)
‚Ä¢ –í–æ—Ä–æ–Ω (–°—Ç–µ—Ä–≤—è—Ç–Ω–∏–∫)
‚Ä¢ –î–∂–∏–Ω (–†—É–∫–∞ –ø–æ–º–æ—â–∏)

–í–∫–ª—é—á–∞–π —É–≤–µ–¥–æ–º–ª–µ–Ω–∏—è —á—Ç–æ–±—ã –Ω–µ –ø—Ä–æ–ø—É—Å–∫–∞—Ç—å –º–Ω–æ–≥–æ –ø–æ–ª–µ–∑–Ω–æ–π –∏–Ω—Ñ–æ—Ä–º–∞—Ü–∏–∏! ‚úÖ",2019-07-25 12:42:13,"['VK-1603736028819866', 'VK-11879320040', 'VK-63192684938']"
"üéÅ –ö–æ–Ω–∫—É—Ä—Å –Ω–∞ –ù–û–í–´–ô –°–ö–ò–ù ‚ÄºÔ∏è

–£—Å–ª–æ–≤–∏—è: 

- Like ‚ù§
- –†–µ–ø–æ—Å—Ç üì£
- –ü–æ–¥–ø–∏—Å–∞—Ç—å—Å—è –Ω–∞ —É–≤–µ–¥–æ–º–ª–µ–Ω–∏—è üî•

‚è∞ –ò—Ç–æ–≥–∏ 4 –∏—é–Ω—è –≤ 17:00 –ø–æ –ú–°–ö",2019-05-31 17:18:42,"['VK-1603736028819866', 'VK-95883495386', 'VK-55347043459']"
"–ò–Ω—Ç–µ—Ä–µ—Å–Ω–æ —É–∑–Ω–∞—Ç—å –≤–∞—à–µ –º–Ω–µ–Ω–∏–µ, –æ—á–µ–Ω—å –¥–æ–ª–≥–∏–π –ø–µ—Ä–∏–æ–¥ –≤ –≥—Ä—É–ø–ø—É –Ω–∏—á–µ–≥–æ –Ω–µ –≤—ã–∫–ª–∞–¥—ã–≤–∞–ª–æ—Å—å, —Ç–∞–∫ –∫–∞–∫ –≤—Ä–µ–º–µ–Ω–∏ –Ω–µ –±—ã–ª–æ –∏ —Å—á–∏—Ç–∞—é —á—Ç–æ —Ç–µ–º–∞ –ø–æ—Ç–µ—Ä—è–ª–∞ —Å–≤–æ—é –∞–∫—Ç—É–∞–ª—å–Ω–æ—Å—Ç—å. 
–ß—Ç–æ —Å–∫–∞–∂–∏—Ç–µ –ø–æ —ç—Ç–æ–º—É –ø–æ–≤–æ–¥—É, –º–æ–∂–µ—Ç –µ—Å—Ç—å –∫–∞–∫–∏–µ-—Ç–æ –ø—Ä–µ–¥–ª–æ–∂–µ–Ω–∏—è?üì±",2019-05-16 05:59:36,"['VK-1603736028819866', 'VK-64144010029', 'VK-41686355398']"
"–º–æ—è –ø–µ—Ä–≤–∞—è –ø–æ–ø—ã—Ç–∫–∞ –ø–æ—Å—Ç—Ä–æ–∏—Ç—å —á—Ç–æ-—Ç–æ –±–æ–ª–µ –º–µ–Ω–µ–µ –Ω–æ—Ä–º–∞–ª—å–Ω–æ–µ, –æ—Ü–µ–Ω–∏—Ç–µ –æ—Ç 1/10 –ø–æ–∂–∞–ª—É–π—Å—Ç–∞.

P. S –∏–∑–≤–∏–Ω—è—é—Å—å –∑–∞ –º–µ—Å—Ç–æ —Ñ–æ—Ç–æ)",2019-12-26 09:27:00,"['VK-1603736028819866', 'VK-10925451700', 'VK-26499386090']"
"–ù–æ–≤—ã–π –±–æ–µ–≤–æ–π —Ç–∞–∑. –ë—ã–ª –≤ –Ω–∞–ª–∏—á–∏–∏ —Ç–æ–ª—å–∫–æ —Å–º–æ–ª—è–Ω–æ–π –∫—É–∑–æ–≤ –ø–∏–∫–∞–ø. –û—Ç–¥–µ–ª—å–Ω–æ –¥–æ–∫—É–ø–∞–ª –¥–µ—Ç–∞–ª–∏. –°–∞–ª–æ–Ω –∫–∞—Å—Ç–æ–º. –ß—Ç–æ–∂, –Ω–∞ —ç—Ç–æ—Ç —Ä–∞–∑ –∫–æ–ª–µ—Å–∞ –≤ –∞—Ä–∫–∞—Ö, –µ—Å—Ç—å —Ä–∞—Å—à–∏—Ä–µ–Ω–∏–µ —Ç–∞–∫ —á—Ç–æ –æ—Ü–µ–Ω–∏–≤–∞–µ–º",2019-12-24 15:05:57,"['VK-1603736028819866', 'VK-62365061197', 'VK-91292631967']"
"–í—Å–µ–º –¥—Ä–∞—Ç—É—Ç–∏)
–ù–∞—Ä–æ–¥,–∫–∞–∫ –¥—É–º–∞–µ—Ç–µ,—Å—Ç–æ–∏—Ç –ª–∏ –¥–µ–ª–∞—Ç—å —Ç–∞–∫–æ–µ –∫—Ä—ã–ª–æ (–≤ –≥–∞–∑–µ—Ç–∞—Ö)? –û—Ç–ø–∏—à–∏—Ç–µ –≤ –∫–æ–º–º—ã,–ø–æ–∂–∞–ª—É–π—Å—Ç–∞,–Ω—É–∂–µ–Ω —Å–æ–≤–µ—Ç)
–§–æ—Ç–∞ –¥–ª—è –ø—Ä–∏–º–µ—Ä–∞:",2019-12-21 22:32:12,"['VK-1603736028819866', 'VK-83173127041', 'VK-38797155901']"
"–í—Å–µ–º –ø—Ä–∏–≤–µ—Çüëã.–£ –º–µ–Ω—è –µ—Å—Ç—å –≤–æ–ø—Ä–æ—Å ,–∫–∞–∫–æ–π —Å—Ç–∏–ª—å –ª—É—á—à–µ –¥–ª—è –Ω–µ—ë —Å–¥–µ–ª–∞—Ç—å —Ä–µ—Å—Ç–∞ –∏–ª–∏ —Å—Ç–µ–Ω—Å . –ú–æ–¥–µ–ª–∏ 2–≥–æ–¥–∞ –æ–Ω–∞ –¥–æ —Å–∏—Ö –ø–æ—Ä –≤ —Å—Ç–æ–∫–µ ,–Ω—É–∂–Ω–æ —á—Ç–æ-—Ç–æ –º–µ–Ω—è—Ç—å.",2019-12-08 15:30:00,"['VK-1603736028819866', 'VK-68211854223', 'VK-49536229743']"
"–ó–¥–∞—Ä–æ–≤–∞,–Ω–∞—Ä–æ–¥!)
–•–æ—á—É –ø—Ä–µ–¥—Å—Ç–∞–≤–∏—Ç—å –í–∞–º –º–æ—é –ø–µ—Ä–≤—É—é –º–æ–¥–µ–ª—å-–í–ê–ó-2107)
–î–µ–ª–∞–ª —è –µ–µ –¥–æ–ª–≥–æ,—Å —É—Å–æ–≤–µ—Ä—à–µ–Ω—Å—Ç–≤–æ–≤–∞–Ω–∏—è–º–∏ –∏ –¥–æ—Ä–∞–±–æ—Ç–∫–∞–º–∏.
–ó–Ω–∞—é,–∫–æ—Å—è–∫–∏ –µ—Å—Ç—å,–Ω–æ –æ–Ω–∏ –∞–∫—Ç–∏–≤–Ω–æ –∏—Å–ø—Ä–∞–≤–ª—è—é—Ç—Å—è)
–ó–∞–¥,–∫—Å—Ç–∞—Ç–∏,—Å —á–µ—Ä–Ω—ã–º –ø—Ä–æ–∫—Ä–∞—Å–æ–º –∫–∞–∫ –Ω–∞ —Ä–∞–Ω–Ω–µ–º –ú-2140,—è –∑–Ω–∞—é,—á—Ç–æ —Ç–∞–∫ –¥–µ–ª–∞—é—Ç –≤ –æ—Å–Ω–æ–≤–Ω–æ–º –Ω–∞ 2106,–Ω–æ –≤–∏–¥–µ–ª —è –∫–∞–∫-—Ç–æ 05 —Å —Ç–∞–∫–æ–π —à—Ç—É–∫–æ–π)
–¢–∞–∫ —á—Ç–æ –Ω–µ —Å—É–¥–∏—Ç–µ —Å—Ç—Ä–æ–≥–æ,—è —Å—Ç–∞—Ä–∞–ª—Å—è)
–ï—Å–ª–∏ –µ—Å—Ç—å –∫–æ–Ω—Å—Ç—Ä—É–∫—Ç–∏–≤–Ω–∞—è –∫—Ä–∏—Ç–∏–∫–∞,–ø–∏—à–∏—Ç–µ –≤ –∫–æ–º–º–µ–Ω—Ç—ã,–±—É–¥–µ—Ç –∏–Ω—Ç–µ—Ä–µ—Å–Ω–æ –ø–æ—á–∏—Ç–∞—Ç—å)
–ï—Å–ª–∏ —á—Ç–æ,–Ω–∞ —Ñ–æ—Ç–æ —Å –±–µ—Ä–Ω–∞—É—Ç–æ–º –≤ –≤–æ–¥–∏—Ç–µ–ª—å—Å–∫–æ–º —Å—Ç–µ–∫–ª–µ –æ—Ç—Ä–∞–∂–µ–Ω–∏–µ,—ç—Ç–æ –Ω–µ —Å—É–ø–µ—Ä–∫–ª–µ–π)",2019-11-21 18:46:10,"['VK-1603736028819866', 'VK-50385308826', 'VK-58935270154']"
"–í—Å–µ–º –ø—Ä–∏–≤–µ—Ç, —Ä–µ–±—è—Ç‚úã! –ù–∞–∫–æ–Ω–µ—Ü-—Ç–æ –¥–æ–¥–µ–ª–∞–ª —Å–≤–æ—é –ø–µ—Ä–≤—É—é –ë–ö! –ù–µ –±–µ–∑ –∫–æ—Å—è–∫–æ–≤ –∫–æ–Ω–µ—á–Ω–æ, –Ω–æ –≤—Å—ë –∂–µ –¥—É–º–∞—é —á—Ç–æ –¥–ª—è –ø–µ—Ä–≤–æ–≥–æ —Ä–∞–∑–∞ –ø–æ–ª—É—á–∏–ª–æ—Å—å –æ—Ç–ª–∏—á–Ω–æ. –ö –∑–∏–º–µ –≥–æ—Ç–æ–≤ —Ç–∞–∫ —Å–∫–∞–∑–∞—Ç—å üí™üòé. 
–û—Ü–µ–Ω–∏—Ç–µ –ø–æ–∂–∞–ª—É–π—Å—Ç–∞ –æ—Ç 1 –¥–æ  10üëáüëáüëá",2019-11-12 21:10:52,"['VK-1603736028819866', 'VK-31847372306', 'VK-32126024333']"
"–í–æ—Ç —Ç–∞–∫–∏–º –ø–æ–ª—É—á–∏–ª—Å—è –∑–∞–∫–æ—Å —Ç–∞–≤—Ä–∏–∏ –ø–æ–¥ –ê–ï 86. –î–æ–±–∞–≤–∏–ª —É—Ç–∏–Ω—ã–π —Ö–≤–æ—Å—Ç, –º–∞–ª–µ–Ω—å–∫–∏–µ —Ñ–µ–Ω–¥–µ—Ä—ã –∏ –≥—É–±—É –ø–µ—Ä–µ–¥–Ω–µ–≥–æ –±–∞–º–ø–µ—Ä–∞, –∑–∞–º–µ–Ω–∏–ª –≤—ã—Ö–ª–æ–ø–Ω—É—é —Ç—Ä—É–±—É. –ë–æ–∫–æ–≤–æ–π –º–æ–ª–¥–∏–Ω–≥ –≤—ã—è–≤–∏–ª –º–æ–π –Ω–µ—Ä–≤–Ω—ã–π —Ç—Ä–µ–º–º–æ—Ä, –ø–æ—ç—Ç–æ–º—É –ø–æ–ª—É—á–∏–ª–æ—Å –∫—Ä–∏–≤–æ–≤–∞—Ç–æ. –ü—Ä–∞–≤–æ–µ –∑–µ—Ä–∫–∞–ª–æ —Å–ø–µ—Ä–ª–∏ —Ü—ã–≥–∞–Ω–µ, –¥–∞.",2019-11-03 00:06:50,"['VK-1603736028819866', 'VK-15913314151', 'VK-36357962703']"
"–ü—Ä–∏–≤–µ—Ç –≤—Å–µ–º! –•–æ—á—É –ø–æ–∫–∞–∑–∞—Ç—å —Å–≤–æ–∏ –ñ–∏–≥–∏ –∏–∑ –±—É–º–∞–≥–∏ –≤ –º–∞—Å—à—Ç–∞–±–µ 1:25. –ß–µ—Ç–≤–µ—Ä–∫–∞ –≤ –æ–±–≤–µ—Å–µ DFTZ –∏ –≤—Å—Ç–∏–ª–µ –∫–∏–±–µ—Ä–ø–∞–Ω–∫, –ü—è—Ç–µ—Ä–∫–∞ —Ç–æ–∂–µ –≤ –æ–±–≤–µ—Å–µ DFTZ –≤ —à—É—Ç–æ—á–Ω–æ–π –ª–∏–≤—Ä–µ–µ –ø–∞—Ä–æ–¥–∏–∏ –Ω–∞ –¢–æ–π–æ—Ç—É –ù–∏–∫–∏—Ç—ã –®–∏–∫–æ–≤–∞, #pushthelimit",2019-10-13 18:11:36,"['VK-1603736028819866', 'VK-63916535562', 'VK-92173485600']"
"–ù–∞—á–∞–ª–æ –ø–æ–ª–æ–∂–µ–Ω–æ) –•–æ—á—É –æ—Å—É—â–µ—Å—Ç–≤–∏—Ç—å —Å—Ç–∞—Ä—ã–π –ø—Ä–æ–µ–∫—Ç, –í–∞–∑ 2101 —Å –¥–≤–∏–≥–∞—Ç–µ–ª–µ–º –æ—Ç BMWüòÑ –î—É–º–∞—é –Ω–µ–∫–æ—Ç–æ—Ä—ã–µ –µ—â–µ –ø–æ–º–Ω—è—Ç –º–æ–π —Å—Ç–∞—Ä—ã–π –ø—Ä–æ–µ–∫—Ç, —Å —Ç–µ–º–Ω–æ —Å–∏–Ω–µ–π –∫–æ–ø–µ–π–∫–æ–π)",2019-10-04 17:33:22,"['VK-1603736028819866', 'VK-40609574360', 'VK-33298727496']"
"–†–µ—à–∏–ª —Å–µ–≥–æ–¥–Ω—è —Å–¥–µ–ª–∞—Ç—å –ø–∞—Ä—É —Ñ–æ—Ç–æ–≥—Ä–∞—Ñ–∏–π –∏ –≤–æ—Ç —á—Ç–æ –ø–æ–ª—É—á–∏–ª–æ—Å—å.
–í–ê–ó-2101 
1:18 
IST Models",2019-09-14 21:25:30,"['VK-1603736028819866', 'VK-14592373981', 'VK-51564394777']"
"–†–µ—à–∏–ª —Å–¥–µ–ª–∞—Ç—å —Å–≤–æ–µ–æ–±—Ä–∞–∑–Ω—ã–π —Å–µ–ª—å—Å–∫–∏–π –ø–∏–∫–∞–ø –∏–∑ –≥–∞–∑ 22. –ò–∑–≥–æ—Ç–æ–≤–∏–ª –∏–∑ –¥–µ—Ä–µ–≤–∞ –ø–æ–∫—Ä—ã—Ç–∏–µ –∫—É–∑–æ–≤–∞ –∏ –±–æ—Ä—Ç–∞. –¢–∞–∫–∂–µ —Ä–µ—à–∏–ª –ø–æ–∫—Ä–∞—Å–∏—Ç—å –∂–µ—Å—Ç–∫–æ–π –∫–∏—Å—Ç—å—é  –ø–æ–¥ —Å—Ç—Ä—É–∫—Ç—É—Ä—É –¥–µ—Ä–µ–≤–∞ –∫–æ–∑—ã—Ä–µ–∫ –∏ –∫—Ä—ã—à–∫—É –ø—Ä–∏—Ü–µ–ø–∞. –í –æ–±—â–µ–º, –Ω–∞ –æ—Ü–µ–Ω.",2019-09-04 22:40:47,"['VK-1603736028819866', 'VK-79629596657', 'VK-63990725301']"
"–ü–æ—Ä–∞ –≤ —É—Ç–∏–ª—å..
–ö–æ–Ω–≤–µ—Ä—Å–∏—è –∫–∏—Ç–∞–π—Å–∫–æ–π –∫–æ–ø–∏–∏ –∞–≥–∞—Ç–æ–≤—Å–∫–æ–π –∂–∏–≥—É–ª–∏ –≤ 43 –º–∞—Å—à—Ç–∞–±–µ.–ë—ã–ª–∞ –Ω–µ–∫–æ–º–ø–ª–µ–∫—Ç,–∏–∑ —Ñ–æ–ª—å–≥–∏ –∏–∑–≥–æ—Ç–æ–≤–∏–ª —Å–ª–µ–ø–∫–∏ –¥–µ—Ç–∞–ª–µ–π,–ª–∏—à–Ω–µ–µ —Å–ø–∏–ª–∏–ª,–ø—Ä–∏–∫–ª–µ–∏–ª –∏ –∑–∞–º—è–ª.–ü–æ–∫—Ä–∞—Å–∫–∞ –Ω–µ —É–¥–∞–ª–∞—Å—å,–≤ –∏—Ç–æ–≥–µ –Ω–∞–Ω–µ—Å —Å–ª–µ–¥—ã —Å–æ—Å—Ç–∞—Ä–∏–≤–∞–Ω–∏—è –æ—Ç –º–Ω–æ–≥–æ–ª–µ—Ç–Ω–µ–≥–æ –ø—Ä–æ—Å—Ç–æ—è:—Ä–∂–∞–≤—á–∏–Ω—É,–ø—ã–ª—å,–Ω–∞–ª–µ—Ç –æ—Ç –¥–µ—Ä–µ–≤—å–µ–≤ –∏ —Ç.–¥.–û—Å–æ–±–æ –¥–µ—Ç–∞–ª–∏–∑–∞—Ü–∏–µ–π –Ω–µ –∑–∞–Ω–∏–º–∞–ª—Å—è,—Ç–∞–∫ –∫–∞–∫ –∫–∞—á–µ—Å—Ç–≤–æ –º–æ–¥–µ–ª–∏ —Ç–æ–≥–æ –Ω–µ —Å—Ç–æ–∏—Ç..",2019-09-01 09:48:41,"['VK-1603736028819866', 'VK-84545704175', 'VK-52472763070']"
"–†–µ—à–∏–ª —Å–¥–µ–ª–∞—Ç—å –≤–æ—Ç —Ç–∞–∫–æ–π –≤–∞–≥–æ–Ω—á–∏–∫ –ø–æ –º–æ—Ç–∏–≤–∞–º –∞—Ä—Ç–∞ –ê–Ω–¥—Ä–µ—è –¢–∫–∞—á–µ–Ω–∫–æ. –°–ª–æ–∂–Ω–µ–µ –≤—Å–µ–≥–æ –±—ã–ª–æ —Å–¥–µ–ª–∞—Ç—å —ç—Ç–æ—Ç —Å–∞–º—ã–π –∫–∞—Ä—Ç –Ω–∞ –∫—Ä—ã—à–µ, –Ω–æ –∫–æ–µ-–∫–∞–∫ —É–¥–∞–ª–æ—Å—å. –í –æ–±—â–µ–º –Ω–∞ –æ—Ü–µ–Ω–∫—É.",2019-08-28 11:22:07,"['VK-1603736028819866', 'VK-90304269493', 'VK-69876700175']"
"–ü—Ä–∏–≤–µ—Ç, —è —Ö–æ—á—É –Ω–∞—á–∞—Ç—å –∑–∞–Ω–∏–º–∞—Ç—å—Å—è —Ç—é–Ω–∏–Ω–≥–æ–º  –∏–≥—Ä—É—à–µ—á–Ω—ã—Ö –∞–≤—Ç–æ, –Ω–æ –º–∞–ª–æ —á–µ–≥–æ –∑–Ω–∞—é, –µ—Å–ª–∏ –∫—Ç–æ –∑–∞—Ö–æ—á–µ—Ç –º–Ω–µ –ø–æ–º–æ—á—å –ø–∏—à–∏—Ç–µ –≤ –ª—Å, –±—É–¥—É –æ—á–µ–Ω—å —Ä–∞–¥ üòå‚ö°",2019-08-16 17:33:04,"['VK-1603736028819866', 'VK-84281033119', 'VK-64934171174']"
–û—á–µ—Ä–µ–¥–Ω–æ–π –ø—Ä–æ–µ–∫—Ç —Å–æ —Å–ø–æ—Ä–Ω–æ–π –≤–Ω–µ—à–∫–æ–π). –í –∫–∞—á–µ—Å—Ç–≤–µ —ç–∫—Å–ø–µ—Ä–∏–º–µ–Ω—Ç–∞ –ª–∫–ø –∑–¥–µ—Å—å —ç—Ç–æ –ø—Ä–æ—Å—Ç–æ –ª–∞–∫ –ø–æ–≤–µ—Ä—Ö –≥–æ–ª–æ–≥–æ –º–µ—Ç–∞–ª–ª–∞. –†–∞—Å—à–∏—Ä–µ–Ω–∏—è –∏ –ø—Ä–æ—á–µ–µ —Å–¥–µ–ª–∞–Ω–æ –∏–∑ –∞–ª—é–º–∏–Ω–∏—è.  –î–µ–∫–∞–ª–∏ –≤–µ—Ä—Ç–æ–ª–µ—Ç–Ω—ã–µ.,2019-08-15 07:33:48,"['VK-1603736028819866', 'VK-75869981579', 'VK-42444699600']"
"–ù—É —à–æ, —Å –æ–±–Ω–æ–≤–æ–π?!
–ß–µ—Ç–≤–µ—Ä—Ç—ã–π –∂–∏—Ñ–µ—Å—Ç –ø—Ä–æ—à–µ–ª, —Ä–∞–∑—ã–≥—Ä–∞–ª–∏ —á–µ—Ç–≤–µ—Ä–∫—É —Ç–∞–º, –∏ –≤—ã—à–ª–∞ —á–µ—Ç–≤–µ—Ä–∫–∞ –æ—Ç –ê—à–æ—Ç–∞ üòú
–ö–∞–∫ –ø–æ –º–Ω–µ, –∫–∞—á–µ—Å—Ç–≤–æ —Ç–∞–∫–æ–µ –∂–µ –∫–∞–∫ —É 07, —Ç–æ–ª—å–∫–æ —Ñ–∞—Ä—ã –ø–æ–ª—É—á—à–µ —Ç—É—Ç –ø–æ–ª—É—á–∏–ª–∏—Å—å –∏ –≤–æ–∑–¥—É—Ö–æ–≤–æ–¥—ã –ø–æ–¥ –±–∞–º–ø–µ—Ä–æ–º —Ç—É—Ç —É–∂–µ —Å–∫–≤–æ–∑–Ω—ã–µ‚úåÔ∏èüòè
#shongreen #shongarage",2019-08-12 14:53:38,"['VK-1603736028819866', 'VK-24518841438', 'VK-13945128895']"
"Stage 4 –Ω–∞–¥–µ—é—Å—å –ø–æ—Å–ª–µ–¥–Ω–∏–π. –ö—É–∑–æ–≤—É –æ–∫–æ–ª–æ 10 –ª–µ—Ç, –æ–¥–Ω–∞ –∏–∑ —Å—Ç–∞—Ä—ã—Ö –º–æ–¥–µ–ª–µ–π. –í –æ–±—â–µ–º,—Ç–µ–ø–µ—Ä—å —ç—Ç–æ –≤–æ–ª–≥–∞ - –±–æ—Å—É–¥–∑–æ–∫—É)",2019-08-09 16:20:26,"['VK-1603736028819866', 'VK-36585482909', 'VK-21780001620']"
"–î–æ—Ä–æ–≥–∏–µ –¥—Ä—É–∑—å—è! 

–í —ç—Ç–æ–º –≥–æ–¥—É –º—ã —Å–Ω–æ–≤–∞ –ø–æ—Å–µ—Ç–∏–º —Ç–∞–∫–æ–µ –º–µ—Ä–æ–ø—Ä–∏—è—Ç–∏–µ –∫–∞–∫ –ñ–∏ –§–µ—Å—Ç 2019 –∏ –ø—Ä–∏–≤–µ–∑—ë–º —Å–æ–±–æ–π –Ω–µ —Ç–æ–ª—å–∫–æ –º–æ–¥–µ–ª–∏ –Ω–æ –∏ –∏–Ω—Ç–µ—Ä–µ—Å–Ω—ã–µ –ê–≤—Ç–æ–º–æ–±–∏–ª–∏ ) 

–¢–∞–∫ —á—Ç–æ –∂–¥–∏—Ç–µ, —Ç–∞–∫-–∂–µ –∫—Ç–æ –∑–∞–Ω–∏–º–∞–µ—Ç—Å—è –º–æ–¥–µ–ª—è–º–∏ –≤—ã –º–æ–∂–µ—Ç–µ –≤—ã—Å—Ç–∞–≤–∏—Ç—å —Å–≤–æ–∏ –º–æ–¥–µ–ª–∏ —Ç–æ–∂–µ.üòå

#–ñ–∏–§–µ—Å—Ç2019",2019-07-08 14:47:34,"['VK-1603736028819866', 'VK-53360158964', 'VK-82168066894']"
"–ì–ê–ó-21–ò ""–í–æ–ª–≥–∞"" (—á–∞—Å—Ç—å 2) –±—ã–ª–∏ –Ω–µ–∫–æ—Ç–æ—Ä—ã–µ –¥–æ—Ä–∞–±–æ—Ç–∫–∏, –Ω–æ –µ—Å—Ç—å –æ–¥–∏–Ω –≤–æ–ø—Ä–æ—Å: –ª—É—á—à–µ –±–∞–≥–∞–∂–Ω–∏–∫ –Ω–∞ –∫—Ä—ã—à–µ —Å–¥–µ–ª–∞—Ç—å, –∫–∞–∫ —Å—Ç–∞–Ω–¥–∞—Ä—Ç–Ω—ã–π –∑–∞–≤–æ–¥—Å–∫–æ–π –±–∞–≥–∞–∂–Ω–∏–∫, –∏–ª–∏ —Å–¥–µ–ª–∞—Ç—å —Ç–æ–ø–æ—Ä–Ω–æ —Å–≤–∞—Ä–µ–Ω–Ω—ã–π –∏–∑ —Å—Ç–∞—Ä–æ–≥–æ –∑–∞–±–æ—Ä–∞ (–∫–∞–∫ –Ω–∞ —Ñ–æ—Ç–æ, —è —Ç–∞–∫–∏–µ –≤–∏–¥–µ–ª –≤–∂–∏–≤—É—é), –∏ –æ—Ç–Ω–æ—Å–∏—Ç–µ–ª—å–Ω–æ –≤—Å–µ–≥–æ –æ—Å—Ç–∞–ª—å–Ω–æ–≥–æ —Ç–æ–∂–µ –∂–¥—É —Å–æ–≤–µ—Ç—ã –∏ —Ä–µ–∫–æ–º–µ–Ω–¥–∞—Ü–∏–∏, –∞ —Ç–∞–∫ –í–æ–ª–≥–∞ —Å—Ç–∞—Ä–æ–≥–æ –¥–∏–¥–∞ –ø–æ–º–∞–ª—É –ø–æ—Ç–∏—Ö—É –Ω–∞—á–∏–Ω–∞–µ—Ç –ø—Ä–∏–æ–±—Ä–µ—Ç–∞—Ç—å –æ—á–µ—Ä—Ç–∞–Ω–∏—è. –ñ—ë—Å—Ç–∫–∞—è –∫—Ä–∏—Ç–∏–∫–∞ –æ—á–µ–Ω—å –ø—Ä–∏–≤–µ—Ç—Å—Ç–≤—É–µ—Ç—Å—è!",2019-07-08 05:20:00,"['VK-1603736028819866', 'VK-91315449381', 'VK-38547956722']"
"–î–∞, –∑–Ω–∞—é —á—Ç–æ —Ç–∞–∫–∏—Ö –≤ —Ä–µ–∞–ª–µ –Ω–µ –±—ã–ª–æ, –Ω–æ –æ–Ω–∞ –±—ã–ª–∞ –≤ –º—É–ª—å—Ç—Å–µ—Ä–∏–∞–ª–µ ""–ê—Ä—á–µ—Ä"" —Ç–∞–∫ —á—Ç–æ –º–Ω–µ —ç—Ç–æ–≥–æ –≤–ø–æ–ª–Ω–µ –¥–æ—Å—Ç–∞—Ç–æ—á–Ω–æ",2019-07-07 09:25:00,"['VK-1603736028819866', 'VK-74927956541', 'VK-82676317463']"
"–ì–ê–ó-21–ò ""–í–æ–ª–≥–∞"". –ü—Ä–æ—Ü–µ—Å—Å –∑–∞–Ω—è–ª –ø—Ä–∏–º–µ—Ä–Ω–æ –ø–æ–ª—Ç–æ—Ä–∞ —á–∞—Å–∞, –Ω–æ –±—É–¥—É—Ç –¥–æ—Ä–∞–±–æ—Ç–∫–∏, –∞ –≤ –±—É–¥—É—â–µ–º--–¥–∏–æ—Ä–∞–º–∞. –ö—Ä–∏—Ç–∏–∫–∞ –æ—á–µ–Ω—å –ø—Ä–∏–≤–µ—Ç—Å—Ç–≤—É–µ—Ç—Å—è. –ó–∞ —Ñ–æ–Ω –∏–∑–≤–∏–Ω–∏—Ç–µ :)",2019-07-06 05:24:00,"['VK-1603736028819866', 'VK-71589910366', 'VK-13367585553']"
"–û–≥—Ä–æ–º–Ω–æ–µ —Å–ø–∞—Å–∏–±–æ [id360161345|–¢–æ–ª—è–º–±–∞ –ö–æ–º–∞—Ä–æ–≤] –∑–∞ —ç—Ç—É –º–∞–ª–µ–Ω—å–∫—É—é –ø—É—à–µ—á–∫—Éüî•‚ù§
–Ø –µ—ë –æ—á–µ–Ω—å –∂–¥–∞–ª–∞ –∏ –±–µ–∑—É–º–Ω–æ –±—ã–ª–∞ —Ä–∞–¥–∞, –∫–æ–≥–¥–∞ –æ–Ω–∞ –æ–∫–∞–∑–∞–ª–∞—Å—å —É –º–µ–Ω—èüôÄ
–Ø –¥–∞–∂–µ –Ω–µ –æ–∂–∏–¥–∞–ª–∞, —á—Ç–æ –æ–Ω–∞ –±—É–¥–µ—Ç —Ç–∞–∫ –ø–æ—Ö–æ–∂–∞üòÉ
–í–æ–æ–±—â–µ–º, —Ç—ã –º–Ω–µ –ø–æ–¥–∞—Ä–∏–ª –ø—Ä–µ–∫—Ä–∞—Å–Ω–æ–µ –Ω–∞—Å—Ç—Ä–æ–µ–Ω–∏–µ –Ω–∞ –≤–µ—Å—å –¥–µ–Ω—å –∏ —ç—Ç–æ –º–∞–ª–µ–Ω—å–∫–æ–µ —á—É–¥–æ‚ù§
–ë–µ–∑—É–º–Ω–æ –±–ª–∞–≥–æ–¥–∞—Ä–Ω–∞, –º–æ—Ä–µ —ç–º–æ—Ü–∏–πüîÜ
–°–ø–∞—Å–∏–±–æ–æ–æ–æ–æ–æüíï",2019-07-05 09:12:00,"['VK-1603736028819866', 'VK-38020985341', 'VK-11945664120']"
"–†–µ—à–∏–ª –≤–º–µ—Å—Ç–æ –æ—á–µ—Ä–µ–¥–Ω–æ–π –∂–µ—Å—Ç–∏ —Å–¥–µ–ª–∞—Ç—å –∫—Ä–∞—Å–∏–≤—ã–π –ø—Ä–æ–µ–∫—Ç –≤ —Ç–∞–∫–æ–º –ø—Å–µ–≤–¥–æ-–∞–º–µ—Ä–∏–∫–∞–Ω—Å–∫–æ–º —Å—Ç–∏–ª–µ. –ë—ã–ª —Å–¥–µ–ª–∞–Ω —à–µ–π–≤–∏–Ω–≥, –≤—ã–ø–∏–ª–µ–Ω—ã —Ü–µ–Ω—Ç—Ä–∞–ª—å–Ω—ã–µ —Å—Ç–æ–π–∫–∏ + –¥–≤–µ –¥–≤–µ—Ä–∏ –≤–º–µ—Å—Ç–æ —á–µ—Ç—ã—Ä–µ—Ö. –ü–æ–∫—Ä–∞—Å–∫–∞ –∫–∞—Å—Ç–æ–º ( —Ä–∞—Å–ø—ã–ª—è–ª –±–µ–ª—ã–π –ø–æ–≤–µ—Ä—Ö –±–∏—Ä—é–∑–æ–≤–æ–≥–æ)",2019-07-04 09:32:00,"['VK-1603736028819866', 'VK-80532082668', 'VK-43732764464']"
"–ü–æ–¥—Å–∫–∞–∂–∏—Ç–µ, –∑–∞ –∫–∞–∫–∞—é –∞–¥–µ–∫–≤–∞—Ç–Ω—É—é —Ü–µ–Ω—É –Ω–∞ –∞–≤–∏—Ç–æ –º–æ–∂–Ω–æ –≤–∑—è—Ç—å –∫–æ–ø–µ–π–∫—É –≤ 24 –º–∞—Å—à—Ç–∞–±–µ?",2019-06-24 05:16:00,"['VK-1603736028819866', 'VK-56299288211', 'VK-76991083849']"
"–ú–æ–¥–µ–ª—å –±–æ–ª—å—à–µ —ç–∫—Å–ø–µ—Ä–∏–º–µ–Ω—Ç–∞–ª—å–Ω–∞—è, –∏–∑ —Ä–∞–∑—Ä—è–¥–∞: –∞ —á—Ç–æ –µ—Å–ª–∏ —Å–¥–µ–ª–∞—Ç—å –∏–∑ –≤–æ–ª–≥–∏ –≥–æ–Ω–æ—á–Ω—ã–π –∞–≤—Ç–æ–º–æ–±–∏–ª—å? –í –æ–±—â–µ–º –∫–∞–∫ –æ–±—ã—á–Ω–æ –Ω–µ –±–µ–∑ –∫–æ—Å—è–∫–æ–≤, –Ω–æ –±—ã–ª–∞ –ø–æ—Å—Ç—Ä–æ–µ–Ω–∞ —Ç–∞–∫–∞—è –≤–æ—Ç –ø—É—à–∫–∞-–±–∞—Ä–∂–∞",2019-06-22 16:00:05,"['VK-1603736028819866', 'VK-11322249585', 'VK-99937242237']"
"–†–µ–±—è—Ç–∞!
28 –∏—é–Ω—è 2019. –ë—É–¥–µ—Ç —Å—Ö–æ–¥–∫–∞ –º–∞—Å—à—Ç–∞–±–Ω—ã—Ö –º–æ–¥–µ–ª–µ–π –≤ –ï–∫–∞—Ç–µ—Ä–∏–Ω–±—É—Ä–≥–µ,–≤—Å—ë –∫—Ç–æ —Å –ï–∫–∞—Ç–µ—Ä–∏–Ω–±—É—Ä–≥–∞ –ø—Ä–∏—Ö–æ–¥–∏—Ç–µ. 28.06.19
 –ò–Ω—Ñ–∞: 28 –∏—é–Ω—è –≤ –ï–∫–∞—Ç–µ—Ä–∏–Ω–±—É—Ä–≥–µ,–æ–Ω–ª–∏ –ø–ª–æ—â–∞–¥—å 1905 –≥–æ–¥–∞(–ø–∞—Å—Å–∞–∂ —Å–±–æ—Ä—ã) –≤ 11:00 —Å–æ—Å—Ç–æ–∏—Ç—Å—è —Å—Ö–æ–¥–∫–∞ –º–∞—Å—à—Ç–∞–±–Ω—ã—Ö –º–æ–¥–µ–ª–µ–π.
 –ü—Ä–∏–≥–ª–∞—à–∞–µ–º –≤—Å–µ—Ö,–ø—Ä–∏—Ö–æ–¥–∏—Ç–µ —Å–æ —Å–≤–æ–∏–º–∏ –ø—É—à–µ—á–Ω—ã–º–∏ –º–æ–¥–µ–ª—è–º–∏,–ø–æ–æ–±—â–∞–µ–º—Å—è,–ø–æ—Ñ–æ—Ç–∫–∞–µ–º –∏ –º–Ω–æ–≥–æ–µ –¥—Ä—É–≥–æ–µ. –ë—É–¥—É —Å–Ω–∏–º–∞—Ç—å –≤–∏–¥–æ—Å –Ω–∞ –∫–∞–Ω–∞–ª: #–Ø–ùi—â–∏–π_–º–æ–¥–ª—Å
 –ë—É–¥—É—Ç –≥—Ä–∞–º–æ—Ç—ã –∑–∞ —Ç–∞–∫–∏–µ –¥–∏—Å—Ü–∏–ø–ª–∏–Ω—ã –∫–∞–∫:
1.–°–∞–º–∞—è —Å—Ç–∏–ª—å–Ω–∞—è –º–æ–¥–µ–ª—å
2.–°–∞–º–∞—è –±–æ–µ–≤–∞—è –º–æ–¥–µ–ª—å
3.–°–∞–º–∞—è –Ω–∏–∑–∫–∞—è –º–æ–¥–µ–ª—å
4.–°–∞–º–∞—è –∫—Ä—É—Ç–∞—è —Å–±–æ—Ä–∫–∞
–ü—Ä–∏—Ö–æ–¥–∏—Ç–µ,–±—É–¥–µ–º —Ä–∞–¥—ã –≤—Å–µ–ºüòâü§ô",2019-06-20 10:13:00,"['VK-1603736028819866', 'VK-13232112609', 'VK-14205589511']"
"‚ù§ –°–Ω–æ–≤–∞ —Ç–≤–æ—è –≤–æ–¥–∞ –≤ –≤–µ–Ω–∞—Ö –º–æ–∏—Ö —Ç–µ—á—ë—Ç, 
 –¢—ã –≥–æ–≤–æ—Ä–∏–ª–∞ ¬´–¥–∞¬ª –∏ –±–æ–ª—å—à–µ –Ω–µ –Ω–∞–¥–æ —Å–ª–æ–≤....",2019-06-07 09:27:57,"['VK-1603736028819866', 'VK-39320722051', 'VK-47678612880']"
"–ë–µ—Ä–µ–≥–∏—Ç–µ –ª—é–±–æ–≤—å, –µ—Å–ª–∏ –≤–∞–º –ø–æ–≤–µ–∑—ë—Ç
–ü–æ–≤—Å—Ç—Ä–µ—á–∞—Ç—å –µ—ë –≤ –∂–∏–∑–Ω–∏ –æ–¥–Ω–∞–∂–¥—ã.
–ë–µ—Ä–µ–≥–∏—Ç–µ –ª—é–±–æ–≤—å, –∫–æ–ª—å –æ–Ω–∞ –≤–∞—Å –Ω–∞–π–¥—ë—Ç, 
–ì–¥–µ, –∫–æ–≥–¥–∞ - –¥–∞ –≤–µ–¥—å —ç—Ç–æ –Ω–µ –≤–∞–∂–Ω–æ.
–ë–µ—Ä–µ–≥–∏—Ç–µ –ª—é–±–æ–≤—å, –Ω–∞—Ö–æ–¥—è —Å—Ç–æ –ø—Ä–∏—á–∏–Ω,
–ß—Ç–æ–± —Å–∏–ª—å–Ω–µ–µ —Ç—è–Ω—É—Ç—å—Å—è –¥—Ä—É–≥ –∫ –¥—Ä—É–≥—É.
–ë–µ—Ä–µ–≥–∏—Ç–µ –ª—é–±–æ–≤—å, —á—Ç–æ –µ—Å—Ç—å –º–æ—á–∏ –∏ —Å–∏–ª,
–í–º–µ—Å—Ç–µ —Å —Å–µ—Ä–¥—Ü–µ–º, –æ—Ç–¥–∞–π—Ç–µ –µ–π —Ä—É–∫—É.
–ë–µ—Ä–µ–≥–∏—Ç–µ –ª—é–±–æ–≤—å, –¥–∞–∂–µ –µ—Å–ª–∏ –ø–æ—Ä–æ–π
–õ–æ–∂—å—é –∫–∞–∂–µ—Ç—Å—è —á–∏—Å—Ç–∞—è –ø—Ä–∞–≤–¥–∞.
–ë–µ—Ä–µ–≥–∏—Ç–µ –ª—é–±–æ–≤—å - —ç—Ç–æ—Ç —Å–≤–µ—Ç –Ω–µ–∑–µ–º–Ω–æ–π,
–≠—Ç–∞ –¥–≤–µ—Ä—å –Ω–µ –æ—Ç–∫—Ä–æ–µ—Ç—Å—è –¥–≤–∞–∂–¥—ã.
–ë–µ—Ä–µ–≥–∏—Ç–µ –ª—é–±–æ–≤—å –∏ –∑–∞ —Ç—ã—Å—è—á–∏ –º–∏–ª—å
–°–µ—Ä–¥—Ü–µ–º —á—É–≤—Å—Ç–≤—É–π—Ç–µ —Å–µ—Ä–¥—Ü–µ –ª—é–±–∏–º–æ–π.
–ë–µ—Ä–µ–≥–∏—Ç–µ –ª—é–±–æ–≤—å, —ç—Ç–æ - –≤–∞—à –º–∞—Ç–µ—Ä–∏–∫,
–í–∞—à–µ–π –∂–∏–∑–Ω–∏, –Ω–∞–¥–µ–∂–¥ –≤–∞—à–µ–π –º–∏–ª–æ–π.
–ë–µ—Ä–µ–≥–∏—Ç–µ –ª—é–±–æ–≤—å, –Ω–µ—Å–º–æ—Ç—Ä—è –Ω–∏ –Ω–∞ —á—Ç–æ,
–í –∂–∏–∑–Ω—å —Å–≤–æ—é –Ω–µ –≤–ø—É—Å–∫–∞–π—Ç–µ —Ä–∞–∑–ª—É–∫—É.
–ë–µ—Ä–µ–≥–∏—Ç–µ –ª—é–±–æ–≤—å, –æ—Å—Ç–∞–ª—å–Ω–æ–µ –ø–æ—Ç–æ–º...
–ü—Ä–æ—Ç—è–Ω–∏—Ç–µ –µ–π –≤–µ—Ä–Ω—É—é —Ä—É–∫—É...",2019-06-07 09:27:23,"['VK-1603736028819866', 'VK-54081040654', 'VK-60650554109']"
"GAME OVER¬†

–Ø –Ω–µ –∏–≥—Ä–æ–∫ –ø–æ —Å—É—Ç–∏, —è –æ–ø—É—Å–∫–∞—é —Ä—É–∫–∏,¬†
–í–µ—Å—å –∞—Ä—Å–µ–Ω–∞–ª –æ—Ä—É–∂–∏–π, –≤—ã–±–æ—Ä —Ç–µ–ø–µ—Ä—å –∑–∞ —Ç–æ–±–æ–π.¬†
–•–æ—á–µ—à—å, —Å—Ç—Ä–µ–ª—è–π –º–Ω–µ –≤ —Å–ø–∏–Ω—É, —Ç–∞–∫ –ø–æ—Å—Ç—É–ø–∞—é—Ç –ª—é–¥–∏.¬†
–•–æ—á–µ—à—å, –æ—Å—Ç–∞–Ω–æ–≤–∏ –ø—É–ª–∏, —Ç–µ, —á—Ç–æ —É–∂–µ –∑–∞ —Å–ø–∏–Ω–æ–π.¬†

–Ø –Ω–µ –∏–≥—Ä–∞—é –±–æ–ª—å—à–µ, –º–∞—Å–∫–∏ —Ä–∞–∑–±–∏—Ç—ã, —Å—Ç—ë—Ä—Ç—ã.¬†
–•–æ—á–µ—à—å, –≤–æ–∑—å–º–∏ –æ—Å–∫–æ–ª–∫–∏, –≤–µ–Ω—ã –º–æ–∏ –∏–∑—Ä–∞–Ω—å.¬†
–¢–æ–ª—å–∫–æ –Ω–µ –±–æ–π—Å—è –∫—Ä–æ–≤–∏, –≤—Å–µ –º—ã –ø–æ —Ñ–∞–∫—Ç—É –º—ë—Ä—Ç–≤—ã,¬†
–ï—Å–ª–∏ –º–µ–Ω—è —Ä–µ–∂–µ—à—å, —Ç–æ —Ä–∞–Ω–µ–Ω—ã–º –ø—Ä–∏–Ω–∏–º–∞–π.¬†

–ö–∞—Ä—Ç—ã –º–æ–∏ –æ—Ç–∫—Ä—ã—Ç—ã, –∏ –Ω–∞ —ç–∫—Ä–∞–Ω–µ ¬´game over¬ª,¬†
–Ø –Ω–µ –∏–≥—Ä–∞—é –±–æ–ª—å—à–µ, —Å–æ –≤—Ä–µ–º–µ–Ω–µ–º —Ç—ã –ø–æ–π–º—ë—à—å.¬†
–≠—Ç–æ –Ω–µ —è —Ç–∞–∫–æ–π, –≥–µ—Ä–æ–π —Ç–≤–æ–∏—Ö –∏–≥—Ä –æ–∂–∏–ª.¬†
–¢—ã –ø–æ–∑–≤–æ–Ω–∏ –º–Ω–µ –ø–æ—Å–ª–µ, –∫–æ–≥–¥–∞ —Å–≤–æ–∏ –∏–≥—Ä—ã –ø—Ä–æ–π–¥—ë—à—å.¬†

–ê–≤—Ç–æ—Ä: –¢–∞–Ω—Ü—É—é—â–∞—è-–í –ù–æ—á–∏¬†
–ê–≤—Ç–æ—Ä –∏–∑–æ–±—Ä–∞–∂–µ–Ω–∏–π: Irene Tena",2019-04-10 19:31:39,"['VK-1603736028819866', 'VK-61474588623', 'VK-90406634027']"
"‚ö† –ù–æ–≤—ã–π —Ä–∞–∑–¥–µ–ª - –†–∞–∑–±–æ—Ä–∫–∞ Mercedes - –∞–≤—Ç–æ–∑–∞–ø—á–∞—Å—Ç–∏ –±/—É ‚ö† 
 
üëâüèª https://vk.com/topic-111749251_39546171",2019-06-14 01:41:36,"['VK-1603736028819866', 'VK-49725783613', 'VK-92549753485']"
"–í—Å–µ–º –ø—Ä–∏–≤–µ—Ç , –Ω–∞—Ä–æ–¥ —É –∫–æ–≥–æ –µ—Å—Ç—å –º–µ—Ä—Å–µ–¥–µ—Å –≤–∏—Ç–æ 638 —Å 601 –¥–≤–∏–≥–∞—Ç–µ–ª–µ–º –±–µ–∑ —Ç—É—Ä–±–∏–Ω—ã –ø–æ–º–æ–≥–∏—Ç–µ —Ä–∞–∑–æ–±—Ä–∞—Ç—å—Å—è —Å –≤–∞–∫—É–º–Ω—ã–º–∏ —Ç—Ä—É–±–∫–∞–º–∏ –≤—Å–µ –ø–µ—Ä–µ–ø—É—Ç–∞–ª –∞ —Å—Ö–µ–º –≤ –∏–Ω—Ç–µ—Ä–Ω–µ—Ç–µ –∞–¥–µ–∫–≤–∞—Ç–Ω—ã—Ö –Ω–µ –Ω–∞–π—Ç–∏ , —Å–ø–∞—Å–∏–±–æ",2019-12-29 20:14:28,"['VK-1603736028819866', 'VK-90590676942', 'VK-48484198673']"
–≤—Å–µ–º –ø—Ä–∏–≤–µ—Ç –∫—Ç–æ-—Ç–æ –ø–µ—Ä–µ–¥–µ–ª—ã–≤–∞–ª —Å—Ç–∞—Ä—ã–π —Å–ø—Ä–∏–Ω—Ç–µ—Ä 1996 –≥–æ–¥–∞  –Ω–∞ 906–π ? –¥–≤–µ—Ä–∏ —Å–∞–ª–æ–Ω –∏ –±—É–¥—É —Ö–æ—á—É –æ—Å—Ç–∞–≤–∏—Ç—å . –ø—Ä–∏–∫–æ–ª—Ö–æ–∑–∏—Ç—å —Ç–æ–ª—å–∫–æ –º–æ—Ä–¥—É.  –∂–¥—É –æ—Ç–≤–µ—Ç–∞,2019-12-27 15:06:19,"['VK-1603736028819866', 'VK-88098320357', 'VK-13827004574']"
"–í—Å–µ–º –ø—Ä–∏–≤–µ—Ç!üôã‚Äç‚ôÇÔ∏è
–ü–æ–º–æ–≥–∏—Ç–µ —Å–æ–≤–µ—Ç–æ–ºüôèüôèüôè
–ü—Ä–æ–±–ª–µ–º–∞ –≤ —Å–ª–µ–¥—É—é—â–µ–º –ø—Ä–∏ –≤–∫–ª—é—á—ë–Ω–Ω–æ–º –∑–∞–∂–∏–≥–∞–Ω–∏–∏ –ø–µ—á–∫–∞ —Ä–∞–±–æ—Ç–∞–µ—Ç –Ω–∞ 3,4 –ø–æ–ª–æ–∂–µ–Ω–∏–∏ 
–Ω–∞ –∑–∞–≤–µ–¥–µ–Ω–Ω—É—é –Ω–µ —Ä–∞–±–æ—Ç–∞–µ—Ç –≤–æ–æ–±—â–µ, —Å–Ω–∏–º–∞—é —Ñ–∏—à–∫—É –ø–µ—Ä–µ–º—ã–∫–∞—é –∫–æ–Ω—Ç–∞–∫—Ç—ã –≤—Å—ë —Ä–∞–±–æ—Ç–∞–µ—Ç –≤–æ –≤—Å–µ—Ö –ø–æ–ª–æ–∂–µ–Ω–∏—è—Ö 
–ß—Ç–æ –º–æ–∂–µ—Ç –±—ã—Ç—å ü§∑‚Äç‚ôÇÔ∏è
(2001 –≥–æ–¥ —Å –∫–æ–Ω–¥–µ–µ–º)",2019-12-25 16:48:25,"['VK-1603736028819866', 'VK-64213990563', 'VK-89103813486']"
"–î–æ–±—Ä—ã–π –¥–µ–Ω—å.–ø–æ–¥—Å–∫–∞–∂–∏—Ç–µ –ú–µ—Ä—Å–µ–¥–µ—Å —Å–ø—Ä–∏–Ω—Ç–µ—Ä –∫–ª–∞—Å—Å–∏–∫ 2,1 2015–≥ –¥—ã–º–∏—Ç —Å–∏–Ω–∏–º –¥—ã–º–æ–º  –Ω–∞ —Ö–æ–ª–æ—Å—Ç—ã—Ö –æ–±–æ—Ä–æ—Ç–∞—Ö.–ø—Ä–æ–±–µ–≥ 250—Ç,—Ç—É—Ä–±–∞ –Ω–æ–≤–∞—è , —Ñ–æ—Ä—Å—É–Ω–∫–∏ –ø–æ –¥–∏–∞–≥–Ω–æ—Å—Ç–∏–∫–µ –ø–∞—Ä–∞–º–µ—Ç—Ä—ã –Ω–æ—Ä–º.–∂–æ—Ä–∞ –º–∞—Å–ª–∞ –æ—Å–æ–±–æ –Ω–µ—Ç,–Ω–∞ 10—Ç—ã—Å—è—á –æ–∫–æ–ª–æ –ø–æ–ª—Ç–æ—Ä–∞ –ª–∏—Ç—Ä–∞.–ø—Ä–∏ –¥–≤–∏–∂–µ–Ω–∏–∏ –¥—ã–º –ø—Ä–æ–ø–∞–¥–∞–µ—Ç.",2019-12-15 16:11:15,"['VK-1603736028819866', 'VK-20347406248', 'VK-66085770158']"
"–ó–∞–∫–∞–∑–∞—Ç—å —Ä–µ–º–æ–Ω—Ç –≤–∞—Ä–∏–∞—Ç–æ—Ä–∞, –∞ —Ç–∞–∫–∂–µ –æ–±—Å–ª—É–∂–∏–≤–∞–Ω–∏–µ –ê–ö–ü–ü, –ø–æ—Å–º–æ—Ç—Ä–µ—Ç—å —Å—Ç–æ–∏–º–æ—Å—Ç—å –º–æ–∂–Ω–æ –Ω–∞ —Å–∞–π—Ç–µ –†–µ–º–æ–Ω—Ç –∫–æ—Ä–æ–±–∫–∏ —Ç—É—Ç http://remontkorobki.ru/vosstanovlenie/?utm_source=social&utm_medium=vk&utm_campaign=3516562",2019-11-07 18:12:35,"['VK-1603736028819866', 'VK-48212681383', 'VK-41121268778']"
"üöò–ê–≤—Ç–æ–º–æ–±–∏–ª—å: Mercedes-Benz Srinter 511CDI 
üåÉ –ì–æ—Ä–æ–¥ –æ—Å–º–æ—Ç—Ä–∞: –í—ã–±–æ—Ä–≥
üìÖ–ì–æ–¥: 2008
üèÉ–ü—Ä–æ–±–µ–≥: 250 —Ç—ã—Å. –∫–º
üíµ–¶–µ–Ω–∞: 1099 —Ç—ã—Å. —Ä—É–±–ª–µ–π
üí∞ –ö–∞—á–µ—Å—Ç–≤–µ–Ω–Ω—ã–π –∞–∫—Ç–∏–≤ –¥–ª—è –≤–ª–æ–∂–µ–Ω–∏–π, –∞ —Ç–∞–∫ –∂–µ –ø–æ–¥—Ö–æ–¥—è—â–∞—è –º–∞—à–∏–Ω–∞ –¥–ª—è –±–æ–ª—å—à–æ–π —Å–µ–º—å–∏
üåÉ –ì–æ—Ä–æ–¥ –æ—Å–º–æ—Ç—Ä–∞: –í—ã–±–æ—Ä–≥
üìÖ–ì–æ–¥: 2008
üèÉ–ü—Ä–æ–±–µ–≥: 250 —Ç—ã—Å. –∫–º
üìù –ü–æ–¥—Ä–æ–±–Ω–æ–µ –æ–ø–∏—Å–∞–Ω–∏–µ: –∞–≤—Ç–æ–±—É—Å –≤ –æ—Ç–ª–∏—á–Ω–æ–º —Å–æ—Å—Ç–æ—è–Ω–∏–∏. –†–æ–¥–Ω–æ–π –ø—Ä–æ–±–µ–≥ 250 —Ç—ã—Å.–∫–º —Å –∫–æ–ø–µ–π–∫–∞–º–∏, –≥–æ—Ç–æ–≤ –Ω–∞ –ª—é–±—ã–µ –ø—Ä–æ–≤–µ—Ä–∫–∏. –ó–∞ –∞–≤—Ç–æ —Å–ª–µ–¥–∏–ª–∏ –∏ –≤–æ—Ä–µ–º—è –æ–±—Å–ª—É–∂–∏–≤–∞–ª–∏, —Ö–æ—Ä–æ—à–µ–µ —Å–æ—Å—Ç–æ—è–Ω–∏–∏ –∫–∞–∫ –≤–Ω–µ—à–Ω–µ —Ç–∞–∫ –∏ —Ç–µ—Ö–Ω–∏—á–µ—Å–∫–∏. –ù–∞ –¥–∞–Ω–Ω—ã–π –º–æ–º–µ–Ω—Ç –Ω–∏–∫–∞–∫–∏—Ö –≤–ª–æ–∂–µ–Ω–∏–π –Ω–µ —Ç—Ä–µ–±—É–µ—Ç—Å—è. –ü–¢–° –æ—Ä–∏–≥–∏–Ω–∞–ª, –∞–≤—Ç–æ —Å—Ç–æ–∏—Ç –Ω–∞ —É—á–µ—Ç–µ –≤ –ì–ò–ë–î–î, 5 –ª–µ—Ç –≤ —Å–æ–±—Å—Ç–≤–µ–Ω–Ω–æ—Å—Ç–∏.
–í –º–∞—à–∏–Ω–µ —É—Å—Ç–∞–Ω–æ–≤–ª–µ–Ω—ã: DVD, –∫–∞—Ä–∞–æ–∫–µ, —Å–≤–µ—Ç–æ–º—É–∑—ã–∫–∞, –º–∏–∫—Ä–æ—Ñ–æ–Ω, –≥–ª–æ–Ω–∞—Å –Ω–∞–≤–∏–≥–∞—Ü–∏—è, —Ç–∞—Ö–æ–≥—Ä–∞—Ñ, —Å–ø–∞—Ä–∫–∞ 5 —Ç–æ–Ω–Ω. 
–ï–∑–¥–∏–ª –ø–æ –ï–≤—Ä–æ–ø–µ, –≤ –æ—Å–Ω–æ–≤–Ω–æ–º –§–∏–Ω–ª—è–Ω–¥–∏—è.
–ö–æ–º–ø–ª–µ–∫—Ç —à–∏–Ω –∑–∏–º–∞ –ª–µ—Ç–æ. 
–° –ø—Ä–æ–¥–∞–∂–µ–π –Ω–µ —Å–ø–µ—à—É, –Ω–æ —Å —Ä–µ–∞–ª—å–Ω—ã–º –ø–æ–∫—É–ø–∞—Ç–µ–ª–µ–º –≥–æ—Ç–æ–≤ –∫ —Ç–æ—Ä–≥—É.
–í–æ–∑–º–æ–∂–µ–Ω –æ–±–º–µ–Ω –Ω–∞ –Ω–µ–∫–æ–º–º–µ—Ä—á–µ—Å–∫–∏–π —Ç—Ä–∞–Ω—Å–ø–æ—Ä—Ç.
üöê –§–æ—Ç–æ–≥—Ä–∞—Ñ–∏–∏ –º–∞—à–∏–Ω—ã:",2019-09-11 02:03:00,"['VK-1603736028819866', 'VK-51024957603', 'VK-86569285459']"
"–ü—Ä–æ–¥–∞–º Mercedes-Benz Srinter 511CDI 
2008 –≥–æ–¥, 250 —Ç—ã—Å. –ø—Ä–æ–±–µ–≥. 
–í –º–∞—à–∏–Ω–µ —É—Å—Ç–∞–Ω–æ–≤–ª–µ–Ω—ã: DVD, –∫–∞—Ä–∞–æ–∫–µ, —Å–≤–µ—Ç–æ–º—É–∑—ã–∫–∞, –º–∏–∫—Ä–æ—Ñ–æ–Ω, –≥–ª–æ–Ω–∞—Å –Ω–∞–≤–∏–≥–∞—Ü–∏—è, —Ç–∞—Ö–æ–≥—Ä–∞—Ñ, —Å–ø–∞—Ä–∫–∞ 5 —Ç–æ–Ω–Ω. 
–û—Ç–ª–∏—á–Ω–æ–µ —Ä–∞–±–æ—á–µ–µ —Å–æ—Å—Ç–æ—è–Ω–∏–µ, –Ω–∞ –º–∞—Ä—à—Ä—É—Ç–µ –Ω–µ –±—ã–ª. 
–°–µ–π—á–∞—Å –Ω–∞—Ö–æ–¥–∏—Ç—Å—è –≤ –≥–æ—Ä–æ–¥–µ –í—ã–±–æ—Ä–≥. 
–¶–µ–Ω–∞ 1138 —Ç—ã—Å. —Ä—É–±–ª–µ–π. 
–¢–µ–ª–µ—Ñ–æ–Ω –¥–ª—è —Å–≤—è–∑–∏: +79215520980
P.S. –° —á—å–µ–≥–æ —É–π–¥—ë—Ç, –æ—Ç —Å–µ–±—è —Å–∫–∏–Ω—É 50 —Ç—ã—Å. —Ä—É–±–ª–µ–π.",2019-08-09 17:25:47,"['VK-1603736028819866', 'VK-51251418114', 'VK-73262536964']"
"–ó–¥—Ä–∞–≤—Å—Ç–≤—É–π—Ç–µ .–°–ø—Ä–∏–Ω—Ç–µ—Ä –º611 –º 646 . . 2.2 –¥–∏–∑–µ–ª—å . 2007. –ú–µ—Ä—Å–µ–¥–µ—Å 
.–Ω—É–∂–µ–Ω –∫–æ–ª–µ–Ω–≤–∞–ª .",2019-07-20 17:07:39,"['VK-1603736028819866', 'VK-94976810934', 'VK-68290506141']"
"–†–µ–±—è—Ç–∞ –ø–æ–º–µ–Ω—è–ª –Ω–∞—Ç—è–∂–∏—Ç–µ–ª—å —Ü–µ–ø–∏, –ø—Ä–æ–∫—Ä—É—á–∏–≤–∞—é –≥—Ä–º –Ω–∞ 180 –≥—Ä–∞–¥—É—Å–æ–≤ —Ü–µ–ø—å –Ω–∞—Ç—è–Ω—É—Ç–∞, –µ—â—ë 180 –≥—Ä–∞–¥—É—Å–æ–≤ –æ–Ω–∞ —Å–ª–∞–±–∞—è, –≤ —á–µ–º –ø—Ä–∏—á–∏–Ω–∞ –º–æ–∂–µ—Ç –∫—Ç–æ –ø–æ–¥—Å–∫–∞–∂–µ—Ç. –í–∏—Ç–æ 1998–≥–æ–¥, 2.3 –¥–∏–∑–µ–ª—å  601 –º–æ—Ç–æ—Ä –∞—Ç–º–æ—Å—Ñ–µ—Ä–Ω–∏–∫",2019-07-18 16:27:52,"['VK-1603736028819866', 'VK-70603563684', 'VK-13622218232']"
"–ñ–∏–¥–∫–æ–≤ –ú–∞–∫—Å–∏–º –í–∏–∫—Ç–æ—Ä–æ–≤–∏—á - –∞–Ω–¥—Ä–æ–ª–æ–≥, –∫–æ—Ç–æ—Ä—ã–π –ø—Ä–µ–¥–ª–∞–≥–∞–µ—Ç –∑–∞–ø–∏—Å–∞—Ç—å—Å—è –Ω–∞ –∫–æ–Ω—Å—É–ª—å—Ç–∞—Ü–∏—é. –°–º–æ—Ç—Ä–∏—Ç–µ —Å—Ç–∞—Ç—å–∏ –Ω–∞ —Å–∞–π—Ç–µ ""–ó–∞–ø–∏—Å–∫–∏ –∞–Ω–¥—Ä–æ–ª–æ–≥–∞"": http://androlog.ru.com/?utm_source=social&utm_medium=vk&utm_campaign=3374510",2019-06-11 20:15:22,"['VK-1603736028819866', 'VK-24778503228', 'VK-31893237175']"
"–í—Å–µ–º –ø—Ä–∏–≤–µ—Ç...–Ω—É–∂–¥–∞—é—Å—å –≤ –í–∞—à–µ–π –ø–æ–º–æ—â–∏..–ú–∞—à–∏–Ω–∞ –≤–∏—Ç–æ 1998–≥–æ–¥ 2.3 –º–æ—Ç–æ—Ä.—Å–ª–æ–º–∞–ª–æ—Å—å –∞–∫–ø–ø,–∫—É–ø–∏–ª–∏ –∫–æ–Ω—Ç—Ä–∞–∫—Ç –ø–æ—Å—Ç–∞–≤–∏–ª–∏ –ú–∞—à–∏–Ω–∞ –∏–Ω–æ–≥–¥–∞ –Ω–∞—á–∏–Ω–∞–ª–∞ –µ—Ö–∞—Ç—å –∏–Ω–æ–≥–¥–∞ –≤–æ–≤—Å–µ –Ω–µ —Ö–æ—Ç–µ–ª–∞ –µ—Ö–∞—Ç—å..—Ç–∞–∫ —É–∂–µ 2 –∞–∫–ø–ø –º–µ–Ω—è–ª–∏..—Å–µ–π—á–∞—Å —Ç–æ–∂–µ –Ω–µ –µ–¥–µ—Ç —Å—Ç–∞–≤–∏—à—å –∑–∞–¥–Ω—é—é –ø–µ—Ä–µ–¥–∞—á—É –Ω–µ—á–µ–≥–æ –Ω–µ –ø—Ä–æ–∏—Å—Ö–æ–¥–∏—Ç..–¥–∞–∂–µ –ª–∞–º–ø–æ—á–∫–∏ –∑–∞–¥–Ω–µ–≥–æ —Ö–æ–¥–∞ –Ω–µ –≥–æ—Ä—è—Ç...—á—Ç–æ –¥–µ–ª–∞—Ç—å ?? –ö–∞–∫ –±—ã—Ç—å ?? –ú–æ–∂–µ—Ç –∞–¥–∞–ø—Ç–∞—Ü–∏—é –Ω–∞–¥–∞ –¥–µ–ª–∞—Ç—å  –∏–ª–∏ —á—Ç–æ ? –ü–æ–º–æ–≥–∏—Ç–µ –ø–æ–∂–∞–ª—É–π—Å—Ç–∞...–∞–¥–º–∏–Ω –ø—Ä–æ–ø—É—Å—Ç–∏ –ø–æ–∂–∞–ª—É–π—Å—Ç–∞...—É–∂–µ –Ω–µ –∑–Ω–∞—é —á—Ç–æ –¥–µ–ª–∞—Ç—å",2019-06-05 16:22:05,"['VK-1603736028819866', 'VK-78827278265', 'VK-12124000733']"
"–ó–∞–º–µ—Ç–∏–ª —á—Ç–æ –∑–∏–º–æ–π —Ç–∞–∫–∏—Ö –ø—Ä–æ–±–ª–µ–º –Ω–µ –±—ã–≤–∞–µ—Ç,–ª–µ—Ç–æ–º –Ω–∞—á–∏–Ω–∞–µ—Ç—Å—è.... –ø—Ä–∏ –Ω–∞–≥—Ä—É–∑–∫–µ –Ω–∞ —Ö–æ–¥—É –≥–ª–æ—Ö–Ω–µ—Ç –≤—ã–∫–ª –≤–∫–ª –∑–∞–∂–∏–≥–∞–Ω–∏–µ –∑–∞–≤–æ–¥–∏—Ç—å—Å—è –Ω–æ –¥–æ–ª—å—à–µ –æ–±—ã—á–Ω–æ–≥–æ –≥—Ä–µ—à–∏–ª –Ω–∞ —Ä–∞–∑—å—ë–º—ã —É —Ñ–æ—Ä—Å—É–Ω–æ–∫ –ø–æ—Ç–æ–º —Å—Ç—è–Ω—É–ª –∏—Ö –ø–ª–∞—Å—Ç–∏–∫–æ–≤—ã–º–∏ —Ö–æ–º—É—Ç–∞–º–∏ –Ω–∏ —á–µ–≥–æ –Ω–µ –∏–∑–º–µ–Ω–∏–ª–æ—Å—å... –∫–æ–≥–¥–∞ –≥–ª–æ—Ö–Ω–µ—Ç –¥–æ–ª–≥–æ –∫—Ä—É—Ç–∏—à—å –∏ –∑–∞–≤–æ–¥–∏—Ç—å—Å—è —É—Ö–æ–¥–∏—Ç —Ç–æ–ø–ª–∏–≤–æ,–ø–æ–º–µ–Ω—è–ª –≤—Å–µ —Ç—Ä—É–±–∫–∏ —Ç–æ–ø–ª–∏–≤–æ–ø–æ–¥–∫–∞—á–∏–≤–∞—é—â–∏–π –Ω–∞—Å–æ—Å –∫–ª–∞–ø–∞–Ω –æ–±—Ä–∞—Ç–∫–∏ –º–µ–Ω—è–ª —Ç–Ω–≤–¥ —Å —Ä–∞–±–æ—á–µ–π –º–∞—à–∏–Ω—ã –Ω–∏ –∫–∞–∫–∏—Ö —Ä–µ–∑—É–ª—å—Ç–∞—Ç–æ–≤ —Å–µ–≥–æ–¥–Ω—è –≤–æ–∑–¥—É—Ö–æ–º –æ–ø—Ä–µ—Å—Å–æ–≤–∫—É –¥–µ–ª–∞–ª –Ω–∏ –≥–¥–µ —Å–æ–ª—è—Ä–∞ –Ω–µ–±–µ–∂–∏—Ç –≤ —á–µ–º –µ—â—ë –º–æ–∂–µ—Ç –±—ã—Ç—å –ø—Ä–æ–±–ª–µ–º–∞. –ü–æ–¥—Å–∫–∞–∂–∏—Ç–µ –ø–æ–∂–∞–ª—É–π—Å—Ç–∞ 611 –¥–≤–∏–≥–∞—Ç–µ–ª—å",2019-06-03 16:47:49,"['VK-1603736028819866', 'VK-65536694584', 'VK-19708499941']"
"–†–µ–±—è—Ç –ø–æ–¥—Å–∫–∞–∂–∏—Ç–µ –ø–æ–∂–∞–ª—É–π—Å—Ç–∞, –º–∞—à–∏–Ω–∞ –ø–µ—Ä–µ–æ–¥–∏—á–µ—Å–∫–∏ –≥–ª–æ—Ö–Ω–µ—Ç, –∏ –ø–ª–æ—Ö–æ –∑–∞–≤–æ–¥–∏—Ç—Å—è, –∑–∞–≤—ë–ª—Å—è –ø–æ–µ—Ö–∞–ª, —á–µ—Ä–µ–∑ –Ω–µ–∫–æ—Ç–æ—Ä–æ–µ –≤—Ä–µ–º—è —Å–Ω–æ–≤–∞ –≥–ª–æ—Ö–Ω–µ—Ç, –∑–∞–º–µ—Ç–∏–ª —á—Ç–æ —Ç–∞–∫–æ–µ –ø—Ä–æ–∏—Å—Ö–æ–¥–∏—Ç –∫–æ–≥–¥–∞ –æ—á–µ–Ω—å –∂–∞—Ä–∫–æ, –≤ —Ç–æ–º –≥–æ–¥—É –ª–µ—Ç–æ–º —Ç–∞–∫–æ–µ –∂–µ –±—ã–ª–æ, –∑–∏–º–∞ –±—ã–ª–∞, –Ω–µ —Ä–∞–∑—É –Ω–µ –≥–ª–æ—Ö, —Å–µ–π—á–∞—Å —Å–Ω–æ–≤–∞ —Ç–∞–∫–∞—è –∂–µ –∏—Å—Ç–æ—Ä–∏—è!",2019-06-01 18:06:49,"['VK-1603736028819866', 'VK-26138502898', 'VK-78060629875']"
"Mercedes-Benz 300 SL w198 
 
–ú–æ—Ç–æ—Ä: 240–ª.—Å. 3–ª. 
–ú–∞—Å—Å–∞: 1310–∫–≥. 
–†–∞–∑–≥–æ–Ω 0-100 –∫–º.—á.: 7,2—Å. 
–ú–∞–∫—Å. —Å–∫–æ—Ä.: 260–∫–º.—á. 
–¶–µ–Ω–∞: 600 000 $",2019-05-28 05:12:13,"['VK-1603736028819866', 'VK-78466438197', 'VK-62373051044']"
"–ú—É–∂–∏–∫–∏ –ø–æ–¥—Å–∫–∞–∂–∏—Ç–µ –ø–æ –ú–µ—Ä—Å–µ–¥–µ—Å—É –í–∏—Ç–æ,—Ö–æ—á—É –≤–∑—è—Ç—å —Å–µ–±–µ –≥–æ–¥–æ–≤ 1997-2004,–±—é–¥–∂–µ—Ç 350-400 —Ç—ã—Å,–Ω—É–∂–µ–Ω 7+1,—Ä–µ–∞–ª—å–Ω–æ –∑–∞ —Ç–∞–∫–∏–µ –¥–µ–Ω—å–≥–∏ –Ω–∞–π—Ç–∏?–ö–∞–∫–æ–π –¥–≤–∏–≥–∞—Ç–µ–ª—å –∏ –∫–æ—Ä–æ–±–∫–∞ —Å–∞–º—ã–µ –Ω–∞–¥—ë–∂–Ω—ã–µ,–∫–∞–∫–∏–µ —Å–ª–∞–±—ã–µ –º–µ—Å—Ç–∞ —É –∞–≤—Ç–æ–º–æ–±–∏–ª—è –Ω–∞ —á—Ç–æ —Å–ª–µ–¥—É–µ—Ç –æ–±—Ä–∞—Ç–∏—Ç—å –≤–Ω–∏–º–∞–Ω–∏–µ –ø—Ä–∏ –ø–æ–∫—É–ø–∫–µ,–¥–æ—Ä–æ–≥–∏–µ –ª–∏ –∑–∞–ø—á–∞—Å—Ç–∏ –∏.—Ç.–¥.?",2019-05-10 19:08:38,"['VK-1603736028819866', 'VK-41657522165', 'VK-19836959136']"
"515 sdi 2.2  150–ª.—Å
–ü–æ–¥—Å–∫–∞–∂–∏—Ç–µ, –Ω–∞–¥–µ–∂–Ω—ã–π –º–æ—Ç–æ—Ä? –ù–∞ —á—Ç–æ —Å—Ç–æ–∏—Ç –æ–±—Ä–æ—â–∞—Ç—å –≤–Ω–∏–º–∞–Ω–∏–µ –ø—Ä–æ –ø–æ–∫—É–ø–∫–µ",2019-05-04 17:07:43,"['VK-1603736028819866', 'VK-41857800715', 'VK-60479042659']"
"‚óè [club53090858|Mercedes-Benz] 
‚óè [club32210234|Ferrari] 
‚óè [club92964646|Rolls-Royce]",2019-04-24 07:12:08,"['VK-1603736028819866', 'VK-93153526080', 'VK-80619080725']"
–ü–æ–±–µ–¥–∞ –Ω–µ –¥–∞–µ—Ç —Å–∏–ª—É ‚Äì —Å–∏–ª—É –¥–∞–µ—Ç –±–æ—Ä—å–±–∞. –ï—Å–ª–∏ —Ç—ã –±–æ—Ä–µ—à—å—Å—è –∏ –Ω–µ —Å–¥–∞–µ—à—å—Å—è ‚Äì —ç—Ç–æ –∏ –µ—Å—Ç—å —Å–∏–ª–∞.,2019-04-18 19:12:09,"['VK-1603736028819866', 'VK-45676192956', 'VK-31986133318']"
"–ó–∞—â–∏—Ç–∞ –ø–µ—Ä–µ–¥–Ω–µ–≥–æ –±–∞–º–ø–µ—Ä–∞ - –∫–µ–Ω–≥—É—Ä—è—Ç–Ω–∏–∫, —Ç—Ä—É–±–∞ –¥–≤–æ–π–Ω–∞—è, —Ç—Ä—É–±–∞ –æ–¥–∏–Ω–∞—Ä–Ω–∞—è, —Ç—Ä—É–±–∞ —Å –∏–∑–≥–∏–±–æ–º.
–ó–∞—â–∏—Ç–∞ –ø–æ—Ä–æ–≥–æ–≤ - —Ç—Ä—É–±—ã —Å –ø—Ä–æ—Å—Ç—É–ø—å—è–º–∏ –¥–ª—è –Ω–æ–≥, –ø–ª–æ—â–∞–¥–∫–∏.
–ó–∞—â–∏—Ç–∞ –∑–∞–¥–Ω–µ–≥–æ –±–∞–º–ø–µ—Ä–∞ - —É–≥–æ–ª–∫–∏, —Ç—Ä—É–±–∞ –ø—Ä—è–º–∞—è.
–†–µ–π–ª–∏–Ω–≥–∏ –Ω–∞ –∫—Ä—ã—à—É.
–®—Ç–æ—Ä–∫–∏ —Å–∞–ª–æ–Ω–Ω—ã–µ. 
–ü–æ –≤–æ–ø—Ä–æ—Å–∞–º –≤ –ª.—Å",2019-04-16 18:36:02,"['VK-1603736028819866', 'VK-95995018483', 'VK-89635598958']"
"–ü—Ä–æ–¥–∞—é –≤–∏—Ç–æ 2010 –≤ –æ—Ç–ª–∏—á–Ω–æ–º —Å–æ—Å—Ç–æ—è–Ω–∏–∏, –ø–æ–ª–Ω–æ—Å—Ç—å—é –æ–±—Å–ª—É–∂–µ–Ω , –Ω–µ —Ç—Ä–µ–±—É–µ—Ç –≤–ª–æ–∂–µ–Ω–∏–π. –õ—é–±—ã–µ –ø—Ä–æ–≤–µ—Ä–∫–∏. –§–æ—Ç–æ —Å–∫–∏–Ω—É –≤ –ª–∏—á–∫—É",2019-04-16 18:35:59,"['VK-1603736028819866', 'VK-63434121724', 'VK-98096322060']"
"–ü–æ–¥—Ö–æ–¥—è—â–µ–µ –≤—Ä–µ–º—è –º–æ–∂–µ—Ç –≤–æ–æ–±—â–µ –Ω–∏–∫–æ–≥–¥–∞ –Ω–µ –Ω–∞—Å—Ç—É–ø–∏—Ç—å. –ï—Å–ª–∏ –≤—ã –¥–µ–π—Å—Ç–≤–∏—Ç–µ–ª—å–Ω–æ —Ö–æ—Ç–∏—Ç–µ —Å–¥–µ–ª–∞—Ç—å —á—Ç–æ-—Ç–æ, –∑–∞–±—É–¥—å—Ç–µ –æ –≤—Ä–µ–º–µ–Ω–∏ –∏ –ø—Ä–æ—Å—Ç–æ c–¥–µ–ª–∞–π—Ç–µ —ç—Ç–æ.",2019-04-16 07:12:07,"['VK-1603736028819866', 'VK-62231748465', 'VK-58623526209']"
"–í—Å–µ–º –ø—Ä–∏–≤–µ—Ç. –†–µ–±—è—Ç–∫–∏ –ø–æ–¥—Å–∫–∞–∂–∏—Ç–µ –ø–æ–∂–∞–ª—É–π—Å—Ç–∞. –•–æ—á—É –∫—É–ø–∏—Ç—å —Å–µ–±–µ –í–∏—Ç–æ, –∫–∞–∫ —Ü–µ–Ω—ã –Ω–∞ –∑–∞–ø—á–∞—Å—Ç–∏, —Å–∏–ª—å–Ω–æ –∫—É—Å–∞—é—Ç—Å—è?",2019-04-14 18:55:09,"['VK-1603736028819866', 'VK-91531678069', 'VK-69482034969']"
"–ü—Ä–∏–≤–µ—Ç—Å—Ç–≤—É—é, –í–∏—Ç–æ 638, 611, 2,2, –¢–ù–í–î, –≤–æ –≤—Å–µ—Ö –ª–∏ –¢–ù–í–î –µ—Å—Ç—å —ç—Ç–æ—Ç –∫–ª–∞–ø–∞–Ω? –í –æ–¥–Ω–æ–º –µ—Å—Ç—å –∏ –Ω–∞–∂–∏–º–∞–µ—Ç—Å—è, –≤ –¥—Ä—É–≥–æ–º –Ω–µ—Ç –Ω–∏ –ø—Ä—É–∂–∏–Ω–∫–∏,  –∏ –Ω–µ –Ω–∞–∂–∏–º–∞–µ—Ç—Å—è –Ω–æ –æ–Ω —Å—Ç–æ—è–ª –Ω–∞ –º–∞—à–∏–Ω–µ –∏ —Ä–∞–±–æ—Ç–∞–ª, —Ç–æ–ª—å–∫–æ –ø–æ—Ç–µ–∫, –º–æ–∂–µ—Ç —Ç–∞–∫ –∏ –¥–æ–ª–∂–Ω–æ –±—ã—Ç—å?",2019-04-07 19:00:42,"['VK-1603736028819866', 'VK-95885100478', 'VK-72206243578']"
"–ù–µ—Ç –Ω–µ–¥–æ—Å—Ç–∏–∂–∏–º—ã—Ö —Ü–µ–ª–µ–π, –µ—Å—Ç—å –≤—ã—Å–æ–∫–∏–π –∫–æ—ç—Ñ—Ñ–∏—Ü–∏–µ–Ω—Ç –ª–µ–Ω–∏, –Ω–µ–¥–æ—Å—Ç–∞—Ç–æ–∫ —Å–º–µ–∫–∞–ª–∫–∏ –∏ –∑–∞–ø–∞—Å –æ—Ç–≥–æ–≤–æ—Ä–æ–∫.",2019-04-03 19:14:28,"['VK-1603736028819866', 'VK-60419770568', 'VK-11670201385']"
"–°–ª–µ–¥—É—é—â–∏–π —Ä–∞–∑, –∫–æ–≥–¥–∞ —É—Å–ª—ã—à–∏—Ç–µ, —á—Ç–æ –æ –≤–∞—Å —Å–ø–ª–µ—Ç–Ω–∏—á–∞—é—Ç, –º–æ–∂–µ—Ç–µ —Å–æ–±–æ–π –≥–æ—Ä–¥–∏—Ç—Å—è, –≤—ã –¥–æ—Å—Ç–∏–≥–ª–∏ –≤ –∂–∏–∑–Ω–∏ –±–æ–ª—å—à–µ, —á–µ–º –æ–Ω–∏.",2019-04-02 07:12:06,"['VK-1603736028819866', 'VK-63716297716', 'VK-96263587612']"
"Mercedes-Benz G63 AMG 6x6 Mansory 
 
–ú–æ—Ç–æ—Ä: 840 –ª.—Å. 5.5 V8 
–°–Ω–∞—Ä—è–∂–µ–Ω–Ω–∞—è –º–∞—Å—Å–∞: 3675–∫–≥. 
–†–∞–∑–≥–æ–Ω 0-100 –∫–º.—á.: 7—Å. 
–ú–∞–∫—Å–∏–º–∞–ª—å–Ω–∞—è —Å–∫–æ—Ä–æ—Å—Ç—å: 190–∫–º.—á.",2019-03-31 07:15:06,"['VK-1603736028819866', 'VK-88847229101', 'VK-56126693275']"
"–°–¥–µ–ª–∞–π —Ç–∞–∫, —á—Ç–æ–±—ã –ø–æ–ª—É—á–∏—Ç—å —Ç–æ, —á—Ç–æ —Ç—ã —Ö–æ—á–µ—à—å, –∏–Ω–∞—á–µ —Ç–µ–±–µ –ø—Ä–∏–¥—ë—Ç—Å—è –ª—é–±–∏—Ç—å —Ç–æ, —á—Ç–æ —Ç—ã –∏–º–µ–µ—à—å.",2019-03-28 07:12:08,"['VK-1603736028819866', 'VK-11668415250', 'VK-32328763741']"
"–ß—Ç–æ–±—ã –∏–∑–º–µ–Ω–∏—Ç—å —Å–≤–æ—é –∂–∏–∑–Ω—å, –µ—Ö–∞—Ç—å –∫—É–¥–∞-—Ç–æ –Ω–µ–æ–±—è–∑–∞—Ç–µ–ª—å–Ω–æ, –Ω–æ –≤–∞–∂–Ω–æ —Å–¥–≤–∏–Ω—É—Ç—å—Å—è —Å –º–µ—Å—Ç–∞.",2019-03-27 07:12:07,"['VK-1603736028819866', 'VK-94673807194', 'VK-43736583970']"
"–ó–¥–∞—Ä–æ–≤–∞ –Ω–∞—Ä–æ–¥,  —Ö–æ—á—É –ø—Ä–µ–æ–±—Ä–µ—Å—Ç–∏ –≤–∏—Ç–æ 2.8 –±–µ–Ω–∑–∏–Ω,  2000 –≥–æ–¥–∞,  –ø–æ—Å–æ–≤–µ—Ç—É–π—Ç–µ –ø–æ–¥–∞–ª—É—Å—Ç–∞,  —á—Ç–æ –ª—É—á—à–µ  2.3 –∏–ª–∏ 2.8 –∏ –∫–∞–∫–∏–µ +/- –≤ —ç—Ç–∏—Ö –º–∞—à–∏–Ω–∞—Ö,  —Å–∞–º –Ω–∞ –¥–∞–Ω–Ω—ã–π –º–æ–º–µ–Ω –µ–∑–∂—É –Ω–∞ –º–∞–∑–¥–∞ –º–ø–≤ 2001 –≥–æ–¥–∞",2019-03-26 20:08:11,"['VK-1603736028819866', 'VK-41693206282', 'VK-86817946628']"
"–í–ª–∞–¥–∏–º–∏—Ä –í—ã—Å–æ—Ü–∫–∏–π –æ—á–µ–Ω—å –ª—é–±–∏–ª –∞–≤—Ç–æ–º–æ–±–∏–ª–∏ –∏ –±—ã—Å—Ç—Ä—É—é –µ–∑–¥—É. –ü–æ—ç—Ç–æ–º—É –æ—á–µ–Ω—å —á–∞—Å—Ç–æ –æ–Ω –ø–æ–ø–∞–¥–∞–ª –≤ –∞–≤–∞—Ä–∏–∏ —Å –ø–µ—á–∞–ª—å–Ω—ã–º–∏ –¥–ª—è –º–∞—à–∏–Ω –ø–æ—Å–ª–µ–¥—Å—Ç–≤–∏—è–º–∏. –í–æ–¥–∏—Ç—å –∑–Ω–∞–º–µ–Ω–∏—Ç—ã–π –∞—Ä—Ç–∏—Å—Ç –Ω–∞—á–∞–ª, –∫–æ–≥–¥–∞ –µ–º—É –ø—Ä–∞–∫—Ç–∏—á–µ—Å–∫–∏ –∏—Å–ø–æ–ª–Ω–∏–ª–æ—Å—å 30 –ª–µ—Ç. –ù–æ —Å—Ä–∞–∑—É –∂–µ –ø–æ–ª—é–±–∏–ª —ç—Ç–æ –∑–∞–Ω—è—Ç–∏–µ.

#–º—É–∑—ã–∫–∞@motor",2019-03-24 19:12:08,"['VK-1603736028819866', 'VK-30808204718', 'VK-55068195891']"
"–ü–æ–ª–æ–≤–∏–Ω–∞ —Ç–æ–≥–æ, —á—Ç–æ –æ—Ç–¥–µ–ª—è–µ—Ç —É—Å–ø–µ—à–Ω—ã—Ö –ø—Ä–µ–¥–ø—Ä–∏–Ω–∏–º–∞—Ç–µ–ª–µ–π –æ—Ç –Ω–µ—É–¥–∞—á–Ω–∏–∫–æ–≤ ‚Äì —ç—Ç–æ –Ω–∞—Å—Ç–æ–π—á–∏–≤–æ—Å—Ç—å.",2019-03-24 07:12:08,"['VK-1603736028819866', 'VK-17894242509', 'VK-16610779282']"
"–ü–æ—Ä–æ–π –∂–∏–∑–Ω—å –Ω–µ–¥–≤—É—Å–º—ã—Å–ª–µ–Ω–Ω–æ –¥–∞—ë—Ç –≤–∞–º –ø–æ–Ω—è—Ç—å, —á—Ç–æ —É–ø—Ä–∞–≤–ª—è—Ç—å –µ—é ‚Äî —É –≤–∞—Å –∫–∏—à–∫–∞ —Ç–æ–Ω–∫–∞.",2019-03-23 07:18:39,"['VK-1603736028819866', 'VK-45786578236', 'VK-73097901474']"
"–í—Å–µ–º –ø—Ä–∏–≤–µ—Ç! –ü–æ–º–æ–≥–∏—Ç–µ –ø–æ–∂–∞–ª—É–π—Å—Ç–∞. –ú–µ—Ä—Å–µ–¥–µ—Å –í–∏—Ç–æ 638 2.2cdi
–ü–µ–¥–∞–ª—å —Å—Ü–µ–ø–ª–µ–Ω–∏—è –ø—Ä–∏ –≤—ã–∂–∏–º–µ –æ—Å—Ç–∞—ë—Ç—Å—è –≤–Ω–∏–∑—É —Ç–æ–ª—å–∫–æ –∫–æ–≥–¥–∞ –≤–∫–ª—é—á–∞–µ—à—å –ø–µ—Ä–µ–¥–∞—á—É, –∞ –Ω–∞ –Ω–µ–π—Ç—Ä–∞–ª–∫–µ –Ω–∞–∂–∏–º–∞–µ—Ç—Å—è –∏ —Å–ø–æ–∫–æ–π–Ω–æ –≤–æ–∑–≤—Ä–∞—â–∞–µ—Ç—Å—è –Ω–∞–∑–∞–¥. –ö—É–¥–∞ –∫–æ–ø–∞—Ç—å?",2019-03-22 19:06:27,"['VK-1603736028819866', 'VK-70418182801', 'VK-57620613429']"
"‚ùó–ú—É–∂—Å–∫–∏–µ —à–∞–ø–∫–∏ - –ø–æ–∫–∞–∑–∞—Ç–µ–ª—å —Å—Ç–∏–ª—è, –æ—Ä–∏–≥–∏–Ω–∞–ª—å–Ω–æ—Å—Ç–∏. –í –Ω–∞–ª–∏—á–∏–∏ 5000+ –º–æ–¥–µ–ª–µ–π –≤—ã—Å–æ–∫–æ–≥–æ –∫–∞—á–µ—Å—Ç–≤–∞ –Ω–µ–¥–æ—Ä–æ–≥–æ –∏ –ø–æ–¥ –ª—é–±–æ–π —Å—Ç–∏–ª—å. –ù–∞—à–∏ —Ü–µ–Ω—ã 30-40% –Ω–∏–∂–µ, —á–µ–º –≤ –æ–±—ã—á–Ω—ã—Ö –º–∞–≥–∞–∑–∏–Ω–∞—Ö ‚úî –ø—Ä–æ–≤–µ—Ä–µ–Ω–Ω—ã–π –ø—Ä–æ–¥–∞–≤–µ—Ü! 

‚û° –í—ã—Å–æ–∫–æ–µ –∫–∞—á–µ—Å—Ç–≤–æ –∏–∑–¥–µ–ª–∏–π. 
‚û° –î–æ—Å—Ç—É–ø–Ω—ã–µ —Ü–µ–Ω—ã: –æ—Ç 600 —Ä—É–±.
‚û° –ò–¥–µ–∞–ª—å–Ω—ã –¥–ª—è –∞–≤—Ç–æ–ª—é–±–∏—Ç–µ–ª–µ–π –∏ –¥–µ–ª–æ–≤—ã—Ö –º—É–∂—á–∏–Ω. 
‚û° –ü–æ–ø—É–ª—è—Ä–Ω—ã–µ –±—Ä–µ–Ω–¥—ã: Adidas, Calvin Klein, Hugo Boss, Nike, Roberto Cavalli, Tom Tailor, Wrangler.

üëâ –ö—Ä—É–ø–Ω–µ–π—à–∞—è –∫–æ–ª–ª–µ–∫—Ü–∏—è –∑–¥–µ—Å—å - https://vk.cc/7GwGA5",2019-03-22 03:00:01,"['VK-1603736028819866', 'VK-87802206978', 'VK-62424055692']"
"–î–æ–±—Ä—ã–π –≤–µ—á–µ—Ä. –ü–æ–º–æ–≥–∏—Ç–µ –ø–æ–∂–∞–ª—É–π—Å—Ç–∞,–Ω–µ –∑–Ω–∞—é —É–∂–µ —á—Ç–æ –¥–µ–ª–∞—Ç—å. –ú–µ–Ω—è–ª —Ç–µ—Ä–º–æ—Å—Ç–∞—Ç –∏ —Ä–∞–¥–∏–∞—Ç–æ—Ä –Ω–∞ –ú–µ—Ä—Å–µ–¥–µ—Å –í–∏—Ç–æ 2,3 –¥–∏–∑–µ–ª—å 1997 –≥–æ–¥–∞, –∏ —Å–Ω—è–ª –ø—Ä–æ–≤–æ–¥–∞ —Å –≥–µ–Ω–µ—Ä–∞—Ç–æ—Ä–∞. –ü–æ—Å–ª–µ –≤—Å–µ–π —Å–±–æ—Ä–∫–∏ –∏ –ø–æ—Å—Ç–∞–Ω–æ–≤–∫–∏ –≤—Å–µ—Ö –∫–æ–º–ø–ª–µ–∫—Ç—É—é—â–∏—Ö –Ω–∞ –º–µ—Å—Ç–æ, –∑–∞–º–µ—Ç–∏,—á—Ç–æ –Ω–∞ –ø—Ä–∏–±–æ—Ä–∫–µ –ø—Ä–∏ –Ω–µ–ø–æ–≤–µ—Ä–Ω—É—Ç–æ–º –∫–ª—é—á–µ –∑–∞–∂–∏–≥–∞–Ω–∏—è —Ä–∞–±–æ—Ç–∞–µ—Ç —É–∫–∞–∑–∞—Ç–µ–ª—å —É—Ä–æ–≤–Ω—è —Ç–æ–ø–ª–∏–≤–∞, –∞ –∫–æ–≥–¥–∞ –ø–æ–≤–æ—Ä–∞—á–∏–≤–∞–µ—à—å –∫–ª—é—á- —Ç–æ –≥–æ—Ä–∏—Ç —Ç–æ–ª—å–∫–æ –ê–ë–° –∏ –Ω–∞–∫–∞–ª.–ß—Ç–æ –¥–µ–ª–∞—Ç—å? –ó–∞—Ä–∞–Ω–µ–µ —Å–ø–∞—Å–∏–±–æ!",2019-03-18 19:48:38,"['VK-1603736028819866', 'VK-72665498809', 'VK-41764005486']"
"–ï—Å–ª–∏ —É —á–µ–ª–æ–≤–µ–∫–∞ –∏–∑–º–µ–Ω–∏–ª–æ—Å—å –º–∏—Ä–æ–≤–æ–∑–∑—Ä–µ–Ω–∏–µ, —Ç–æ –Ω–µ–ø—Ä–æ–∏–∑–≤–æ–ª—å–Ω–æ –º–µ–Ω—è–µ—Ç—Å—è –∏ –ø–æ–≤–µ–¥–µ–Ω–∏–µ, –∏ —Ö–∞—Ä–∞–∫—Ç–µ—Ä. –ê –µ—Å–ª–∏ –∏–∑–º–µ–Ω–∏–ª—Å—è —Ö–∞—Ä–∞–∫—Ç–µ—Ä, —Ç–æ –º–µ–Ω—è–µ—Ç—Å—è –∏ —Å—É–¥—å–±–∞. –ú—ã—Å–ª—å —Ä–æ–∂–¥–∞–µ—Ç –ø–æ—Å—Ç—É–ø–æ–∫, –ø–æ—Å—Ç—É–ø–æ–∫ ‚Äì –ø—Ä–∏–≤—ã—á–∫—É, –ø—Ä–∏–≤—ã—á–∫–∞ ‚Äì —Ö–∞—Ä–∞–∫—Ç–µ—Ä, —Ö–∞—Ä–∞–∫—Ç–µ—Ä ‚Äì —Å—É–¥—å–±—É.",2019-03-13 19:18:17,"['VK-1603736028819866', 'VK-85315807290', 'VK-69388920150']"
"–ì–ª–∞–≤–Ω—ã–µ –≤–µ—â–∏ - —ç—Ç–æ —Å–æ–≤—Å–µ–º –Ω–µ –±–∞–±–∫–∏, –Ω–µ —Ç–≤–æ–µ –ø–æ–ª–æ–∂–µ–Ω–∏–µ, –Ω–µ —Ç–µ –¥–∞—é—â–∏–µ —Å–∞–º–∫–∏, –Ω–µ –¥–∞—á–∏, –Ω–µ —Ö–∞—Ç—ã, –Ω–µ –Ω–∞—Ä–∫–æ—Ç–∏–∫–æ–≤ –≥–æ—Ä—ã, –∞ —Ç–µ –ª—é–¥–∏, —Ä–∞–¥–∏ –∫–æ–≥–æ —Ç—ã —Å–≤–µ—Ä–Ω–µ—à—å –≥–æ—Ä—ã.",2019-03-12 07:12:08,"['VK-1603736028819866', 'VK-59398833276', 'VK-65202762311']"
"Mercedes-Benz 300 SL w198 
 
–ú–æ—Ç–æ—Ä: 240–ª.—Å. 3–ª. 
–ú–∞—Å—Å–∞: 1310–∫–≥. 
–†–∞–∑–≥–æ–Ω 0-100 –∫–º.—á.: 7,2—Å. 
–ú–∞–∫—Å. —Å–∫–æ—Ä.: 260–∫–º.—á. 
–¶–µ–Ω–∞: 600 000 $",2019-03-01 07:12:11,"['VK-1603736028819866', 'VK-38428910237', 'VK-84755955422']"
"‚óè [club53090858|Mercedes-Benz] 
‚óè [club32210234|Ferrari] 
‚óè [club92964646|Rolls-Royce]",2019-02-13 07:12:07,"['VK-1603736028819866', 'VK-23676418879', 'VK-58227291694']"
"–ù–µ—Ç –Ω–µ–¥–æ—Å—Ç–∏–∂–∏–º—ã—Ö —Ü–µ–ª–µ–π, –µ—Å—Ç—å –≤—ã—Å–æ–∫–∏–π –∫–æ—ç—Ñ—Ñ–∏—Ü–∏–µ–Ω—Ç –ª–µ–Ω–∏, –Ω–µ–¥–æ—Å—Ç–∞—Ç–æ–∫ —Å–º–µ–∫–∞–ª–∫–∏ –∏ –∑–∞–ø–∞—Å –æ—Ç–≥–æ–≤–æ—Ä–æ–∫.",2019-02-12 07:12:05,"['VK-1603736028819866', 'VK-51466612838', 'VK-68321770642']"
"–ü–æ–¥—Ö–æ–¥—è—â–µ–µ –≤—Ä–µ–º—è –º–æ–∂–µ—Ç –≤–æ–æ–±—â–µ –Ω–∏–∫–æ–≥–¥–∞ –Ω–µ –Ω–∞—Å—Ç—É–ø–∏—Ç—å. –ï—Å–ª–∏ –≤—ã –¥–µ–π—Å—Ç–≤–∏—Ç–µ–ª—å–Ω–æ —Ö–æ—Ç–∏—Ç–µ —Å–¥–µ–ª–∞—Ç—å —á—Ç–æ-—Ç–æ, –∑–∞–±—É–¥—å—Ç–µ –æ –≤—Ä–µ–º–µ–Ω–∏ –∏ –ø—Ä–æ—Å—Ç–æ c–¥–µ–ª–∞–π—Ç–µ —ç—Ç–æ.",2019-02-11 07:12:08,"['VK-1603736028819866', 'VK-96946433519', 'VK-88478585361']"
"–ß—Ç–æ–±—ã –∏–∑–º–µ–Ω–∏—Ç—å —Å–≤–æ—é –∂–∏–∑–Ω—å, –µ—Ö–∞—Ç—å –∫—É–¥–∞-—Ç–æ –Ω–µ–æ–±—è–∑–∞—Ç–µ–ª—å–Ω–æ, –Ω–æ –≤–∞–∂–Ω–æ —Å–¥–≤–∏–Ω—É—Ç—å—Å—è —Å –º–µ—Å—Ç–∞.",2019-02-09 07:12:17,"['VK-1603736028819866', 'VK-63945554870', 'VK-19589318823']"
"–ü–æ–ª–æ–≤–∏–Ω–∞ —Ç–æ–≥–æ, —á—Ç–æ –æ—Ç–¥–µ–ª—è–µ—Ç —É—Å–ø–µ—à–Ω—ã—Ö –ø—Ä–µ–¥–ø—Ä–∏–Ω–∏–º–∞—Ç–µ–ª–µ–π –æ—Ç –Ω–µ—É–¥–∞—á–Ω–∏–∫–æ–≤ ‚Äì —ç—Ç–æ –Ω–∞—Å—Ç–æ–π—á–∏–≤–æ—Å—Ç—å.",2019-02-01 19:12:07,"['VK-1603736028819866', 'VK-39437915831', 'VK-15483754639']"
"–¢–∞–∫–æ–π –≤–æ–ø—Ä–æ—Å. –°–ø—Ä–∏–Ω—Ç–µ—Ä 2006 –≥. 2,2 –º–æ—Ç–æ—Ä, 311. –ü–æ–º–µ–Ω—è–ª –º–∞—Å–ª–æ, –∑–∞–ª–∏–ª —Å–∏–Ω—Ç–µ—Ç–∏–∫—É 5 w 40. –ü—Ä–æ–µ—Ö–∞–ª 5 –∫–º –∏ –Ω–∞—á–∞–ª–∞ –º–∏–≥–∞—Ç—å –ª–∞–º–ø–æ—á–∫–∞ –∂—ë–ª—Ç–∞—è –Ω–∞ –º–∞—Å–ª–æ. –û—Å—Ç–∞–Ω–æ–≤–∏–ª—Å—è –ø—Ä–æ–≤–µ—Ä–∏–ª —É—Ä–æ–≤–µ–Ω—å, –≤—Å—ë –≤ –Ω–æ—Ä–º–µ, –∑–∞–≤—ë–ª –ø–µ—Ä–µ—Å—Ç–∞–ª–∞ –º–∏–≥–∞—Ç—å –ø—Ä–æ–µ—Ö–∞–ª –µ—â—ë –ø–∞—Ä—É –∫–º –∏ —Å–Ω–æ–≤–∞ –∑–∞–º–∏–≥–∞–ª–∞, —á–µ—Ä–µ–∑ –º–∏–Ω—É—Ç 5 —Å–∞–º–∞ –ø–µ—Ä–µ—Å—Ç–∞–ª–∞. –ú–æ–∂–µ—Ç –∫—Ç–æ —Å—Ç–∞–ª–∫–∏–≤–∞–ª—Å—è?",2019-01-31 20:53:09,"['VK-1603736028819866', 'VK-55589353327', 'VK-45954053487']"
–ú–µ—Ä—Å–µ–¥–µ—Å —Å–ø—Ä–∏–Ω–≥–µ—Ä –∫–ª–∞—Å–∏–∫ 311 –∞–≤—Ç–æ–±—É—Å –æ–¥–∏–Ω —Å –ø—è—Ç–∏—Å—Ç—É–ø–∫–æ–π –¥—Ä—É–≥–æ–π —Å —à–µ—Å—Ç–∏—Å—Ç—É–ø–∫–æ–π –∫–∞–∫–æ–π –ª—É—á—à–µ?,2019-01-29 20:29:56,"['VK-1603736028819866', 'VK-34740650846', 'VK-95893932115']"
"–î–æ–±—Ä–æ–≥–æ –≤—Ä–µ–º–µ–Ω–∏ —Å—É—Ç–æ–∫ !
–ù—É–∂–Ω–∞ –ø–æ–º–æ—â—å !
–£ –º–µ–Ω—è –í–∏—Ç–æ 639 –∫—É–∑–æ–≤ 111 –º–æ–¥–∏—Ñ–∏–∫–∞—Ü–∏–∏.
–ü—Ä–æ–±–ª–µ–º–∞ —Ç–∞–∫–æ–≤–∞ , –Ω–∞ –ø—Ä–∏–±–æ—Ä–µ –ø–æ—Å—Ç–æ—è–Ω–Ω–æ  –ø–æ–∫–∞–∑—ã–≤–∞—Ç—å –Ω–∞—Ä—É–∂–Ω–∞—è —Ç–µ–º–ø–µ—Ä–∞—Ç—É—Ä–∞ +34 , –∏ –±—ã–≤–∞–µ—Ç –ø—Ä—ã–≥–∞–µ—Ç —Ç—É–¥–∞-—Å—é–¥–∞.
–°–Ω—è–ª –±–∞–º–ø–µ—Ä –∏ –¥–∞—Ç—á–∏–∫–∞ –Ω–∞ —Å–≤–æ–µ–º –º–µ—Å—Ç–µ –Ω–µ –Ω–∞—à–µ–ª , —è —Ç–∞–∫ –ø–æ–Ω–∏–º–∞—é –æ–Ω –≥–¥–µ-—Ç–æ –æ–±–æ—Ä–≤–∞–Ω ... –ú–æ–∂–µ—Ç –∫—Ç–æ-—Ç–æ –∑–Ω–∞–µ—Ç —Ä–∞—Å–ø–∏–Ω–æ–≤–∫—É –ø—Ä–æ–≤–æ–¥–æ–≤ , –∫–æ—Ç–æ—Ä—ã–µ –ø–æ–¥—Ö–æ–¥—è—Ç –∫  –¥–∞—Ç—á–∏–∫—É –∏–ª–∏ —Ü–≤–µ—Ç –∏ –≥–¥–µ –∏—Ö –≤–æ–æ–±—â–µ –∏—Å–∫–∞—Ç—å",2019-01-23 20:52:37,"['VK-1603736028819866', 'VK-42294619173', 'VK-49672037643']"
"Mercedes-Benz Concept IAA 
 
–ú–æ—Ç–æ—Ä: 279–ª.—Å. 2–ª. 
–ú–∞—Å—Å–∞: 1800–∫–≥. 
–†–∞–∑–≥–æ–Ω 0-100 –∫–º.—á.: 5,5—Å. 
–ú–∞–∫—Å–∏–º–∞–ª—å–Ω–∞—è —Å–∫–æ—Ä–æ—Å—Ç—å: 250–∫–º.—á.",2019-01-19 07:12:09,"['VK-1603736028819866', 'VK-18430707560', 'VK-96155962748']"
–ü–æ–±–µ–¥–∞ –Ω–µ –¥–∞–µ—Ç —Å–∏–ª—É ‚Äì —Å–∏–ª—É –¥–∞–µ—Ç –±–æ—Ä—å–±–∞. –ï—Å–ª–∏ —Ç—ã –±–æ—Ä–µ—à—å—Å—è –∏ –Ω–µ —Å–¥–∞–µ—à—å—Å—è ‚Äì —ç—Ç–æ –∏ –µ—Å—Ç—å —Å–∏–ª–∞.,2019-01-13 19:12:13,"['VK-1603736028819866', 'VK-47060416331', 'VK-29279989247']"
"–ú—É–∂–∏–∫–∏ –≤—Å–µ–º –ø—Ä–∏–≤–µ—Ç, –ø–æ–¥—Å–∫–∞–∂–∏—Ç–µ –ø–æ–∂–∞–ª—É–π—Å—Ç–∞ –≥–¥–µ –ø–æ—Å–º–æ—Ç—Ä–µ—Ç—å –∫–æ–¥—ã –æ—à–∏–±–æ–∫ –Ω–∞ –º–µ—Ä—Å–µ–¥–µ—Å –≤–∏–∞–Ω–æ –≥–æ–¥ 2008, –º–æ—Ç–æ—Ä 2.2 150 –∫–æ–±—ã–ª",2019-01-09 20:55:44,"['VK-1603736028819866', 'VK-88413115730', 'VK-69103370657']"
"–ú—É–∂–∏–∫–∏ —Å–∫–∞–∂–∏—Ç–µ, —Å –∫–ª—é—á–∞ –Ω–µ –æ—Ç–∫—Ä—ã–≤–∞–µ—Ç—Å—è —Ü–µ–Ω—Ç—Ä–∞–ª—å–Ω—ã–π –∑–∞–º–æ–∫. –ë–∞—Ç–∞—Ä–µ–π–∫–∞ –Ω–æ—Ä–º, –ø—Ä–µ–¥–æ—Ö—Ä–∞–Ω–∏—Ç–µ–ª—å –≤ –ø–æ—Ä—è–¥–∫–µ. –ó–∞–º–∫–∏ –≤—Å–µ —Ä–∞–±–æ—Ç–∞—é—Ç. –ß—Ç–æ –º–æ–∂–µ—Ç –±—ã—Ç—å? 638",2019-01-03 19:46:28,"['VK-1603736028819866', 'VK-55787334987', 'VK-35076531029']"
"–í–æ—Ç –∏ –Ω–∞—Å—Ç–∞–ª 2020, –Ω–µ –±—É–¥—É –º–Ω–æ–≥–æ—Å–ª–æ–≤–µ–Ω –∏ –ø—Ä–æ—Å—Ç–æ —Ö–æ—á—É —Å–∫–∞–∑–∞—Ç—å —á—Ç–æ 2019 –±—ã–ª –¥–æ–≤–æ–ª—å–Ω–æ –ø—Ä–æ–¥—É–∫—Ç–∏–≤–Ω—ã–π, –∏–±–æ –≤ –∂–∏–∑–Ω–∏ —Å–ª—É—á–∏–ª–æ—Å—å –º–Ω–æ–≥–æ –Ω–æ–≤–æ–≥–æ –∏ —Ö–æ—Ä–æ—à–µ–≥–æ. –ü—É—Å—Ç—å –∫–∞–∂–¥—ã–π –∫—Ç–æ —á–∏—Ç–∞–µ—Ç —ç—Ç–æ, –∏–∑–±–∞–≤–∏—Ç—Å—è –æ—Ç –ª–µ–Ω–∏ –∏ –≤—Å—Ç—Ä–µ—á–∞–µ—Ç –Ω–æ–≤—ã–π –¥–µ–Ω—å, –Ω–æ–≤—ã–º–∏ –º—ã—Å–ª—è–º–∏, –∞ —Ç–∞–∫ –∂–µ –º–µ—á—Ç–∞–º–∏. –Ø –≤–µ—Ä—é, —á—Ç–æ —ç—Ç–æ—Ç –¥–µ–Ω—å –æ—Å–æ–±–µ–Ω–Ω—ã–π, –ø–æ—Ç–æ–º—É —á—Ç–æ –∑–∞—Ä—è–∂–∞—é —Å–≤–æ–∏ –º—ã—Å–ª–∏ —Å–∞–º, —Å—Ç–∞–≤—è –¥–ª—è —Å–µ–±—è –Ω–æ–≤—ã–µ —Ü–µ–ª–∏. –°—Ç—Ä–µ–º–∏—Ç–µ—Å—å, –¥–æ–±–∏–≤–∞–π—Ç–µ—Å—å, –∏ –ª—é–±–∏—Ç–µ. ‚ù§Ô∏èüôè",2019-12-31 18:00:08,"['VK-1603736028819866', 'VK-53518190544', 'VK-96357693758']"
"–∞–Ω–æ–Ω ‚ô°
–∏—â—É –¥–µ–≤—É—à–∫—É/–ø–∞—Ä–Ω—è~
p.s. —è —Ç–æ–∂–µ —Ç—è–Ω (‚óç‚Ä¢·¥ó‚Ä¢‚óç)‚úß*„ÄÇ

‚ô°–æ —Å–µ–±–µ‚ô°

~#UoYH16
~ –ø–∞–Ω—Å–µ–∫—Å—É–∞–ª 
~ —Ä–æ—Å—Ç 165
~ —è –æ—á–µ–Ω—å –æ—Ç–∫—Ä—ã—Ç—ã–π —á–µ–ª–æ–≤–µ–∫ 
~ –ª—é–±–ª—é —Ä–∞–∑–≥–æ–≤–∞—Ä–∏–≤–∞—Ç—å , —Ç–∞–∫ —á—Ç–æ –ø–æ–∂–∞–ª—É–π—Å—Ç–∞ –±—É–¥—å—Ç–µ —Ç–æ–∂–µ –æ–±—â–∏—Ç–µ–ª—å–Ω—ã–º–∏ :–∑
~ –Ω–µ –ª—é–±–ª—é –∫–æ–≥–¥–∞ –æ—Å–∫–∞—Ä–±–ª—è—é—Ç –ª—é–¥–µ–π :—Å
~ —Ä–∞–Ω—å—à–µ —É–≤–ª–µ–∫–∞–ª–∞—Å—å –∞–Ω–∏–º–µ 
~ –∫–æ–≥–¥–∞ —Ç–æ –≤–µ–¥—É —Å–µ–±—è –∫–∞–∫ —Ä–µ–±–µ–Ω–æ–∫ ‚úß‚óù(‚Å∞‚ñø‚Å∞)‚óú‚úß
~ –±—É–¥–µ—Ç —Ö–æ—Ä–æ—à–æ –µ—Å–ª–∏ –≤—ã –∫–∞–∫ –∏ —è –±—É–¥–µ—Ç–µ –∏—Å–∫—Ä–µ–Ω–Ω–∏–º–∏ –∏ —É–≤–∞–∂–∞—Ç—å –º–Ω–µ–Ω–∏–µ/–ª–∏—á–Ω—ã–µ –∫–∞—á–µ—Å—Ç–≤–∞ –∫–∞–∂–¥–æ–≥–æ —á–µ–ª–æ–≤–µ–∫–∞ (ÔΩ°ÔΩ•œâÔΩ•ÔΩ°)Ôæâ‚ô°

‚ô°–æ —Ç–µ–±–µ‚ô°

~#UoYW15_17
~ –Ω–∞—Å—á—ë—Ç —Ä–æ—Å—Ç–∞ 
175 (–µ—Å–ª–∏ —Ç—ã –ø–∞—Ä–µ–Ω—å)
170 (–µ—Å–ª–∏ —Ç—ã –¥–µ–≤—É—à–∫–∞)
~ –∞–∑–∏–∞—Ç—Å–∫–∞—è –≤–Ω–µ—à–Ω–æ—Å—Ç—å (–¥–µ–≤—É—à–∫–∞–º –Ω–µ –æ–±—è–∑–∞—Ç–µ–ª—å–Ω–æ)
~ –ª—é–±–ª—é —É—Ö–æ–∂–µ–Ω–Ω—É—é –≤–Ω–µ—à–Ω–æ—Å—Ç—å
~ –æ–±–æ–∂–∞—é –º–∏–ª—ã—Ö –ø–∞—Ä–Ω–µ–π –∫–æ—Ç–æ—Ä—ã–µ —Å–º—É—â–∞—é—Ç—Å—è –ø—Ö–ø–∞–∞–ø—Ä–≥—Ä
~ –±—É–¥—É —Ä–∞–¥–∞ –µ—Å–ª–∏ —Ç—ã –Ω–µ –±—É–¥–µ—à—å –ø—Ä–æ—Ç–∏–≤ –ø—Ä–∏ –≤—Å—Ç—Ä–µ—á–∞—Ö —Å–∫–∏–Ω—à–∏–ø–∞ –∏ —Å–æ–≤–º–µ—Å—Ç–Ω—ã—Ö –º–∏–ª—ã—Ö —Ñ–æ—Ç–æ–∫ „Öã„Öã„Öã„Öã
~ –±—É–¥—å—Ç–µ –∏—Å–∫—Ä–µ–Ω–Ω–∏–º–∏, –∂–∏–∑–Ω–µ—Ä–∞–¥–æ—Å—Ç–Ω—ã–º–∏ –∏ —Ü–µ–Ω–∏—Ç–µ –∫–∞–∂–¥—ã–µ –º–æ–º–µ–Ω—Ç—ã !

–º–æ–∂–µ—Ç–µ –æ—Å—Ç–∞–≤–∏—Ç—å –≤ –∫–æ–º–º–µ–Ω—Ç–∞—Ä–∏—è—Ö ""+"" –∏ —è –≤–∞–º –Ω–∞–ø–∏—à—É~

p.s.2. –∞–¥–º–∏–Ω –º–µ–Ω—è –Ω–∞–≤–µ—Ä–Ω–æ–µ —É–∂–µ –∑–∞–ø–æ–º–Ω–∏–ª –ø–æ—Å–ª–µ —Å—Ç–æ–ª—å–∫–∏—Ö –ø–æ–ø—ã—Ç–æ–∫ –ø—Ö–ø–∞–ø—Ö , —Å–ø–∞—Å–∏–±–æ –∑–∞ –≤–∞—à–µ —Ç–µ—Ä–ø–µ–Ω–∏–µ„Öã„Öã(„Å£.‚ùõ ·¥ó ‚ùõ.)„Å£*.‚úß
____
Admin: –î–∞–∞, –ø–æ–º–Ω—é :3",2019-12-31 13:25:00,"['VK-1603736028819866', 'VK-73993601368', 'VK-38625555140']"
"–ø—Ä–æ—à—É –æ–ø—É–±–ª–∏–∫–æ–≤–∞—Ç—å –∞–Ω–æ–Ω–∏–º–Ω–æ, –∏–Ω–∞—á–µ, –º–æ–µ —Ö–∏–∫–∫–∞–ø–æ–¥–æ–±–Ω–æ–µ —Å—É—â–µ—Å—Ç–≤–æ, –≤–æ–π–¥–µ—Ç –≤ –æ—Ç—á–∞—è–Ω–Ω–æ–µ –ø–æ–ª–æ–∂–µ–Ω–∏–µ 
—Å–æ–≥–ª–∞—Å–∏—Ç–µ—Å—å, –∫–∞–∫ —Ç–æ –≥–ª—É–ø–æ –∏—Å–∫–∞—Ç—å –ª—é–¥–µ–π –≤ –∏–Ω—Ç–µ—Ä–Ω–µ—Ç–µ, –¥–∞, –Ω–µ —Å–æ–º–Ω–µ–≤–∞—é—Å—å —á—Ç–æ –º–Ω–æ–≥–æ –∫—Ç–æ –Ω–∞—Ö–æ–¥—è—Ç/–¥—Ä—É–∂–∞—Ç, –º–± –±–æ–ª–µ–µ —á—Ç–æ —Ç–æ –º–∞—Å—à—Ç–∞–±–Ω–æ–µ, –Ω–æ –≤—Å–µ –∂–µ, –µ—Å–ª–∏ –≤–∞—à–µ –ø—Ä–µ–¥—Å—Ç–∞–≤–ª–µ–Ω–∏–µ –æ —á–µ–ª–æ–≤–µ–∫–µ –æ–∫–∞–∂–µ—Ç—Å—è –Ω–µ —Å–∞–º—ã–º —É–¥–∞—á–Ω—ã–º, —Å–∞–º–æ —Å–æ–±–æ–π, —ç—Ç–æ -–º–æ—Ä–∞–ª—å, —á—Ç–æ —á–∞—Å—Ç–µ–Ω—å–∫–æ –∏ –ø—Ä–æ–∏—Å—Ö–æ–¥–∏—Ç.
–æ–ø–∏—Å—ã–≤–∞—Ç—å, —Å–µ–±—è –≤ –æ–±—â–∏—Ö —á–µ—Ä—Ç–∞—Ö, –∫–æ–Ω–µ—á–Ω–æ –∂–µ –≥–ª—É–ø–æ, –Ω–æ –ø–æ–ø—ã—Ç–∞—é—Å—å, –∫–æ–Ω–µ—á–Ω–æ –∂–µ –±–µ–∑ —Ü–∏–Ω–∏–∑–º–∞, –Ω—É –∏ –ø–æ–ø—ã—Ç–∞—é—Å—å –¥–æ–±–∞–≤–∏—Ç—å –∫—É—Å–æ—á–µ–∫ —Å–∞–º–æ–∫—Ä–∏—Ç–∏–∫–∏, –∫–∞–∫ –∂–µ –±–µ–∑ —ç—Ç–æ–≥–æ:‚ÇΩ
—É–∂–µ –∫–∞–∫ –≥–æ–¥>–ø—Ä–æ—à–ª–æ —Å —Ç–æ–≥–æ –º–æ–º–µ–Ω—Ç–∞, –∫–∞–∫ —Å—Ç–∞–ª —Å–æ–≤–µ—Ä—à–µ–Ω–Ω–æ–ª–µ—Ç–Ω–∏–º , —Ä–æ—Å—Ç–æ–º –ø–æ–¥ ~175, —Å—É—â–µ—Å—Ç–≤—É—è —ç—Ç–∏ 17 –ª–µ—Ç, –æ—Å–æ–∑–Ω–∞–Ω–Ω–æ –ø—ã—Ç–∞—é—Å—å –ø–æ–±–æ—Ä–æ—Ç—å —Å–≤–æ–π –≥–ª–∞–≤–Ω—ã–π –º–∏–Ω—É—Å, –¥–æ–±—Ä–æ—Ç–Ω–æ–µ –æ—Ç–Ω–æ—à–µ–Ω–∏–µ –∫–æ –≤—Å–µ–º(–≤ —Ä–µ–∞–ª—å–Ω–æ–π –∂–µ –∂–∏–∑–Ω–∏, –∞ –≤ –≤–∫ –Ω—É, —Ç–æ–∫—Å–∏—á–Ω–∏—á–∞—é —á–∞—Å—Ç–µ–Ω—å–∫–æ, –º–± –∏–∑ –∑–∞ —Ç–æ–≥–æ, –∫–∞–∫ –ø–æ–¥–æ–±–∞–µ—Ç –ø–ª–æ—Ö–∏–º –º–∞–ª—å—á–∏–∫–∞–º), –Ω–µ–Ω–∞–≤–∏–∂—É –≤—Å—è–∫–∏—Ö —á–µ–ª–æ–≤ —á—Ç–æ –ª—é–±—è—Ç –ø–æ–∫–æ—Ä—è—Ç—å –∫–∞–∫—É—é —Ç–æ –≤–µ—Ä—à–∏–Ω—É –ø–æ–ø—É–ª—è—Ä–Ω–æ—Å—Ç–∏, —Å–æ–±–∏—Ä–∞—è –¥—Ä—É–∑–µ–π/ –ø–æ–¥–ø–∏—Å—á–∏–∫–æ–≤/–≥—É–ª—è—è –≤ –∫–æ–º–ø–∞—à–∫–∞—Ö, —Ö–æ–∂–¥–µ–Ω–∏–µ–º –≤ —Ö–∞—Ç—ã, –∑–∞–≤–µ–¥–µ–Ω–∏—è, –∫–æ—Ç–æ—Ä—ã–µ, –Ω–µ –ø–æ–¥–æ–±–∞—é—Ç –≤–æ—Å–ø–∏—Ç–∞–Ω–Ω—ã–º –¥–µ–≤–æ—á–∫–∞–º(–Ω–µ—Ç, —è –Ω–µ –≥–æ–≤–æ—Ä—é —á—Ç–æ –≤—ã, –Ω–µ –¥–æ–ª–∂–Ω—ã –Ω–∏–∫—É–¥–∞ –≤—ã—Ö–æ–¥–∏—Ç—å, —Ö–∞—Ç—ã/–≤—ã–ø–∏–≤–∫–∞ –ª–æ—É)
—É–≤–µ—Ä–µ–Ω, –º–Ω–æ–≥–∏–µ –º–± –±—É–¥—É—Ç –∫–æ–º–º–µ–Ω—Ç–∏—Ä–æ–≤–∞—Ç—å —Å–µ–π –∑–∞–ø–∏—Å—å, –≤–∏–¥—è –º–µ–Ω—è –∫–∞–∫ —á–µ–ª–∞, –∏—â—É—â–µ–≥–æ –∏–¥–µ–∞–ª—å–Ω—É—é –¥–µ–≤–æ—á–∫—É, –≤ —á–µ–º —Ç–æ –≤—ã –ø—Ä–∞–≤—ã. 
–≥–ª—É–ø–æ, –∏—Å–∫–∞—Ç—å —Å—Ä–∞–∑—É –∂–µ —Å–≤–æ—é –ø–∞—Ä—É, –¥—É–º–∞—é —Å—Ç–æ–∏—Ç –Ω–∞—á–∏–Ω–∞—Ç—å —Å –¥—Ä—É–∂–±—ã. 
–¥–∞–Ω–Ω—ã–π —Ç–µ–∫—Å—Ç –ø–∏—à—É –±–µ–∑ —Ä–æ—Ñ–ª–æ–≤, –≤ –∫–∞–∫–æ–∏ —Ç–æ —Å–º—ã—Å–ª–µ, –¥–∞–∂–µ –∞–º–æ—Ä–∞–ª, –ø–æ –æ—Ç–Ω–æ—à–µ–Ω–∏—é –∫ —Ç–µ–º –∂–µ ¬´–∑–ª—ã–º¬ª —á—É–≤–∞–∫–∞–º.",2019-12-31 12:25:00,"['VK-1603736028819866', 'VK-12369141112', 'VK-50792326747']"
"–ê–Ω–æ–Ω–∏–º–Ω–æ 
–î–∞—Ä–æ–≤–∞ —Ä–∞–±–æ—Ç—è–≥–∏ 
–ò—â—É –¥–µ–≤—É—à–∫—É –º–± –ø—Ä–æ—Å—Ç–æ –ø–æ–¥—Ä—É–≥—É 
#UoY15-16
–ö—Ä–∞—Å–∏–≤—É—é 
–í—ã—Å–æ–∫—É—é 
–ú–± –¥–∞–∂–µ –ø–æ—à–ª—É—é
–ö–∞–∑–∞—à–∫—É  
–û —Å–µ–±–µ —Ä–∞—Å—Å–∫–∞–∑–∞—Ç—å –º–æ–≥—É —Ç–æ–ª—å–∫–æ –≤ –ª—Å
)) 
–°—Ç–∞–≤—å—Ç–µ ¬´+¬ª —è —Å–∞–º –ø–æ—Ç–æ–º –≤—ã–±–µ—Ä—É",2019-12-31 11:25:00,"['VK-1603736028819866', 'VK-50862027655', 'VK-40135857566']"
"–° –Ω–∞—Å—Ç—É–ø–∞—é—â–∏–º –∞–¥–º–∏–Ω , –æ–ø—É–±–ª–∏–∫—É–π –ø–æ–∂–∞–ª—É–π—Å—Ç–∞)
–ê–Ω–æ–Ω 
–ü—Ä–∏–≤–µ—Ç)
–ù–µ –∑–Ω–∞—é —á—Ç–æ –º–µ–Ω—è —Å–ø–æ–¥–≤–∏–≥–ª–æ –Ω–∞–ø–∏—Å–∞—Ç—å —Å—é–¥–∞.. –ù–∞–≤–µ—Ä–Ω–æ–µ –æ–¥–∏–Ω–æ—á–µ—Å—Ç–≤–æ –≤ –±–æ–ª—å—à–µ–π —Å—Ç–µ–ø–µ–Ω–∏. 
–ù–µ –ª—é–±–ª—é –∂–∞–ª–æ–≤–∞—Ç—å—Å—è, –Ω–æ –¥–∞, —Å–µ–π—á–∞—Å –Ω–µ —Å–∞–º—ã–π –ª—ë–≥–∫–∏–π –ø–µ—Ä–∏–æ–¥ –º–æ–µ–π –∂–∏–∑–Ω–∏. 
–•–æ—á—É –Ω–∞—á–∞—Ç—å —Å —Ç–æ–≥–æ, —á—Ç–æ —è –ø—Ä–µ–¥—Å—Ç–∞–≤–∏—Ç–µ–ª—å –Ω–µ—Ç—Ä–∞–¥–∏—Ü–∏–æ–Ω–Ω–æ–π –æ—Ä–∏–µ–Ω—Ç–∞—Ü–∏–∏ - —á—Ç–æ –æ—á–µ–Ω—å –æ—á–µ–Ω—å –ø–µ—á–∞–ª—å–Ω–æ –¥–ª—è –º–µ–Ω—è. 
–ú–Ω–µ 16 –ª–µ—Ç –∏ —Å–æ–æ—Ç–≤–µ—Ç—Å–≤–µ–Ω–Ω–æ —è —Ö–æ—á—É —á—Ç–æ –±—ã —Ç—ã –±—ã–ª–∞ –Ω–µ –º–ª–∞–¥—à–µ –º–µ–Ω—è. 
–í–æ–∑–º–æ–∂–Ω–æ —è –ø–æ–∫–∞–∂—É—Å—å —É–∂–∞—Å–Ω—ã–º —á–µ–ª–æ–≤–µ–∫–æ–º- —Å–∫–æ—Ä–µ–µ –≤—Å–µ–≥–æ —Ç–∞–∫ –∏ –µ—Å—Ç—å , –Ω–æ —è –æ—á–µ–Ω—å —Å–∏–ª—å–Ω–æ —Å–º–æ—Ç—Ä—é –Ω–∞ –≤–Ω–µ—à–Ω–æ—Å—Ç—å –∏–∑–≤–∏–Ω–∏. –ò —Å–æ–æ—Ç–≤–µ—Ç—Å—Ç–≤–µ–Ω–Ω–æ —è —Å—á–∏—Ç–∞—é —Å–µ–±—è –¥–æ–≤–æ–ª—å–Ω–æ –ø—Ä–∏–≤–ª–µ–∫–∞—Ç–µ–ª—å–Ω–æ–π, –Ω–æ —Å—É–¥–∏—Ç—å —Ç–µ–±–µ.
–ú–Ω–µ –æ—á–µ–Ω—å –≤–∞–∂–Ω–æ —á—Ç–æ –±—ã —Ç—ã –±—ã–ª–∞ —Å–æ–±–æ–π –≤ –º–æ–µ–º –æ–∫—Ä—É–∂–µ–Ω–∏–∏ , –∏ —á—Ç–æ –±—ã —Å —Ç–æ–±–æ–π –±—ã–ª–æ –æ —á–µ–º –ø–æ–≥–æ–≤–æ—Ä–∏—Ç—å. 
–ù—É –Ω–∞ —ç—Ç–æ–º –≤—Å–µüò¨
(–ë–ª–∏–Ω –∫–∞–∫ —Ç–∞–º —ç—Ç–∏ —Ö–µ—à—Ç–µ–≥–∏ –ø–∏—Å–∞—Ç—å —è –∑–∞–±—ã–ª–∞ –µ–º–∞–µ –≤—Ä–æ–¥–µ #UoY16 (?))
–°–ø–∞—Å–∏–±–æ –∞–¥–º–∏–Ω",2019-12-31 10:29:00,"['VK-1603736028819866', 'VK-12226415716', 'VK-38169460183']"
"–ê–Ω–æ–Ω 
–Ø –ø–∏—à—É –ø–µ—Ä–≤—ã–π —Ä–∞–∑.. 
–ê–¥–º–∏–Ω—É –≥–µ–ª–∏–∫ 

–ú–Ω–µ 13 –≥–æ–¥–∏–∫–æ–≤,  –¥–∞ —è –º–∞–ª–æ–ª–µ—Ç–∫–∞ –Ω–æ –ø–æ—Ñ–∏–≥.  –ò—â—É —Ç–∞–∫–∏—Ö –∂–µ –Ω–µ–º–Ω–æ–≥–æ –æ–¥–±–∏—Ç—ã—Ö –ª—é–¥–µ–π.  –ü–æ–ª –Ω–µ –≤–∞–∂–µ–Ω. 

–û —Å–µ–±–µ
 —Ä–æ—Å—Ç 163
–û–±—â–∏—Ç–µ–ª—å–Ω—ã–π 
–ß—É—Ç—å —á—É—Ç—å –æ—Ç–±–∏—Ç—ã–π 
 –û—Å—Ç–∞–ª—å–Ω–æ–µ –ª—Å (–ñ–µ–ª–∞—Ç–µ–ª—å–Ω–æ –¥–µ–≤–æ—á–∫–∞ )
–ê–¥–º–∏–Ω –ø—Ä–æ–ø—É—Å—Ç–∏ –ø–ª–∏–∏–∑",2019-12-31 09:30:00,"['VK-1603736028819866', 'VK-77449069467', 'VK-32758432148']"
"–ê–¥–º–∏–Ω –ª—É—á—à–∏–π!)
–ò—â—É –¥–µ–≤—É—à–∫—É 15-16 –ª–µ—Ç –ø–æ –∫—Ä–∏—Ç–µ—Ä–∏—è–º –≤–µ—Å—ë–ª–∞—è, —É–º–Ω–∞—è,–ø–æ—à–ª–µ–Ω—å–∫–∞—è –ø–æ —Å–≤–æ–µ–º—É, —Ñ–∏–≥—É—Ä–∞ 90 60 90 (–Ω–µ –æ–±—è–∑–∞—Ç–µ–ª—å–Ω–æ), —Ä–æ—Å—Ç–æ–º –Ω–∏–∂–µ –∏–ª–∏ –≤—ã—à–µ —Ä–∞–∑–Ω–∏—Ü—ã –±–æ–ª—å—à–µ–π –Ω–µ—Ç—Éüòπ
 
–û —Å–µ–±–µ –∫–∞–∑–∞—Ö, —É—á—É—Å—å –≤ 10 –∫–ª–∞—Å—Å–µ –µ—Å–ª–∏ —á—Ç–æ –Ω–∞ —Ä—É—Å—Å–∫–æ–π –æ—Å–Ω–æ–≤–µ —Ä–æ—Å—Ç 171,–µ—Å–ª–∏ –≤–µ—Å —Ç–∞–∫ –≤–∞–∂–µ–Ω 63,—É–≤–ª–µ–∫–∞—é—Å—å —Å–ø–æ—Ä—Ç–æ–º –∞ –∏–º–µ–Ω–Ω–æ –±–æ—Ä—å–±–∞ –∑–∞–Ω–∏–º–∞—é—Å—å —É–∂–µ –Ω–∞ –ø—Ä–æ—Ç—è–∂–µ–Ω–∏–∏ 4 –ª–µ—Ç+,–µ—Å—Ç—å –∫–º—Å –Ω—É –∞ —Ç–∞–∫ –≤—Å–µ –µ—Å–ª–∏ –∑–∞—Ö–æ—á–µ—à—å –ø–æ–∑–Ω–∞–∫–æ–º–∏—Ç—Å—è + –Ω—É –∏–ª–∏ —è —Ç–≤–æ—èüòπ‚ù§",2019-12-31 09:29:00,"['VK-1603736028819866', 'VK-43599341860', 'VK-98983040465']"
"–ê–Ω–æ–Ω.
–í—Å–µ–º –ø—Ä–∏–≤–µ—Ç,—è –∏—â—É –Ω–æ–≤—ã–µ –∑–Ω–∞–∫–æ–º—Å—Ç–≤–∞,—Ç–∞–∫ –∂–µ –¥–µ–≤—É—à–∫—É)
(–Ø —Å–∞–º–∞ –¥–µ–≤—É—à–∫–∞)
–†–æ—Å—Ç,–≤–µ—Å –¥—É–º–∞—é –Ω–µ –≤–∞–∂–Ω—ã,—è —É—á—É—Å—å –≤ 9 –∫–ª–∞—Å—Å–µ.
–õ—é–±–ª—é —Å–º–æ—Ç—Ä–µ—Ç—å —Ñ–∏–ª—å–º—ã,–≥—É–ª—è—Ç—å,—Å–ø–æ—Ä—Ç—Å–º–µ–Ω–∫–∞.
(–Ø –Ω–µ –ø—Ä–æ—Ç–∏–≤ –∫—É—Ä–µ–Ω–∏—è –∏ —Ç.–ø)
–û–±–æ–∂–∞—é —Å–ª—É—à–∞—Ç—å –º—É–∑—ã–∫—É,–≤ –æ–±—â–µ–º,–¥—É–º–∞—é —Ç—ã –≤—Å–µ —É–∑–Ω–∞–µ—à—å –ø—Ä–∏ –æ–±—â–µ–Ω–∏–∏. –ì–ª–∞–≤–Ω–æ–µ –±—É–¥—å—Ç–µ –Ω–∞—Å—Ç–æ—è—â–∏–º–∏ ‚ù§Ô∏è",2019-12-31 08:27:00,"['VK-1603736028819866', 'VK-25606645194', 'VK-43476033261']"
"–ê–¥–º–∏–Ω—É –∑–¥–æ—Ä–æ–≤—å–µ —Ä–æ–¥–Ω—ã–ºüí™
–°–µ–≥–æ–¥–Ω—è –≤–æ –¥–≤–æ—Ä—Ü–µ —à–∫–æ–ª—å–Ω–∏–∫–æ–≤ –≤ –Ω–æ–≤–æ–º –±—ã–ª–∞ –¥–∏—Å–∫–æ—Ç–µ–∫–∞, —Ç–∞–º –±—ã–ª–∞ 70 —à–∫
–ò –∫–æ—Ä–æ—á–µ –ø–æ–Ω—Ä–∞–≤–∏–ª–∞—Å—å –æ–¥–Ω–∞ –¥–µ–≤–æ—á–∫–∞ –æ–Ω–∞ –ø—Ä–∏–≥–ª–æ—Å–∏–ª–∞ –º–µ–Ω—è –Ω–∞ –º–µ–¥–ª—è–∫üòÇ
–ú–Ω–µ –±—ã–ª–æ —É–∂–∞—Å–Ω–æ –Ω–µ –ª–æ–≤–∫–æüòÉ
–Ø —Ç–æ—Ç —Å–∞–º—ã–π –º–∞–ª—å—á–∏–∫ –∫–æ—Ç–æ—Ä—ã–π —Ç–∞–Ω—Ü–µ–≤–∞–ª –∫–∞–∫ –±–µ—à–µ–Ω–Ω—ã–πü§£ü§£
–Ø –±—ã–ª –µ—â—ë —Å –¥—Ä—É–∑—å—è–º–∏
–°–∞–º —è –Ω–µ —Å 70 —à–∫ –ø—Ä–æ—Å—Ç–æ –ø—Ä–æ—Ö–æ–¥–∏–ª –º–∏–º–æ —ç—Ç–æ–π –¥–∏—Å–∫–æ—Ç–µ–∫–∏ –∏ —Ä–µ—à–∏–ª –ø—Ä–æ–±—Ä–∞—Ç—å—Å—è –ø–æ —Ç–∞–Ω—Ü–µ–≤–∞—Ç—åüòé
–ê–Ω–æ–Ω.",2019-12-31 08:25:00,"['VK-1603736028819866', 'VK-35293761171', 'VK-85044060199']"
"–ü—Ä–∏–≤–µ—Ç –∞–¥–º–∏–Ω
–ê–Ω–æ–Ω
–ò—â—É –¥–µ–≤—É—à–∫—É
–û —Ç–µ–±–µ: 
–∂–µ–ª–∞—Ç–µ–ª—å–Ω–æ –ª–µ—Ç 15-17
–î–æ–±—Ä–∞—è 
–û—Ç–∑—ã–≤—á–∏–≤–∞—è
–û–±—â–∏—Ç–µ–ª—å–Ω–∞—è
–ö—Ä–∞—Å–∏–≤–∞—è
–û —Å–µ–±–µ: 
17 –ª–µ—Ç
–†–æ—Å—Ç 162
–£—á—É—Å—å –≤ 11 –∫–ª–∞—Å—Å–µ 
–û—Å—Ç–∞–ª—å–Ω–æ–µ –≤ –ª—Å",2019-12-31 07:31:00,"['VK-1603736028819866', 'VK-54108909928', 'VK-58378885215']"
"–•–µ–π , —è –º—É–∂—Å–∫–æ–≥–æ –ø–æ–ª–∞)
—Ä–µ—à–∏–ª—Å—è –Ω–∞–ø–∏—Å–∞—Ç—å)
–ú–µ–Ω—è –∑–≤–∞—Ç—å-–ê–ª–∏–º 
–ú–µ—Ç–∏—Å 
–ò –º–Ω–µ 16
–†–æ—Å—Ç –≤—Ä–æ–¥–µ 175
–û–± –æ—Å—Ç–∞–ª—å–Ω–æ–º –≤ –ª—Å)
–û —Ç–µ–±–µ:
14-16
–ö–∞–∑–∞—à–∫–∞,–º–µ—Ç–∏—Å–∫–∞ 
–†–æ—Å—Ç –∂–µ–ª–∞—Ç–µ–ª—å–Ω–æ –º–∞–ª–µ–Ω—å–∫–æ–≥–æ —Ä–æ—Å—Ç–∞)
–¥–∞—É–∞–π—Ç–µ ¬´+¬ª –∂–¥—É –≤ –∫–æ–º–µ–Ω—Ç–∞—Ö 
–ê–¥–º–∏–Ω –ø—Ä–æ–ø—É—Å—Ç–∏)
–ù–µ –∞–Ω–æ–Ω",2019-12-31 07:25:00,"['VK-1603736028819866', 'VK-13597060955', 'VK-37841907454']"
"–ò—Ç–∞–∫, –∑–¥—Ä–∞–≤—Å—Ç–≤—É–π—Ç–µ.

–ê–¥–º–∏–Ω—É –∂–µ–ª–∞—é –¥–æ–±—Ä–∞ –∏ –∑–¥–æ—Ä–æ–≤—å—è.

–ú–Ω–µ 16 –ª–µ—Ç (—Å–∫–æ—Ä–æ 17).
–£–≤–ª–µ–∫–∞—é—Å—å –±–æ–ª—å—à–∏–º –∫–æ–ª–∏—á–µ—Å—Ç–≤–æ–º –≤—Å–µ–º–æ–∑–º–æ–∂–Ω—ã—Ö –∑–∞–Ω—è—Ç–∏–π(–Ω–µ—Ç).

(–≠—Ç–æ –∏–º–µ–Ω–Ω–æ —Ç–æ, —á—Ç–æ —è —á—É–≤—Å—Ç–≤—É—é –Ω–∞ –¥–∞–Ω–Ω—ã–π –º–æ–º–µ–Ω—Ç).
–ù–∞ —Å–∞–º–æ–º –¥–µ–ª–µ. –ú–Ω–µ –ø—Ä–æ—Å—Ç–æ –Ω—É–∂–µ–Ω —á–µ–ª–æ–≤–µ–∫. –í –ø–æ—Å–ª–µ–¥–Ω–µ–µ –≤—Ä–µ–º—è —Ç–æ –ª–∏ —Å–æ –º–Ω–æ–π —á—Ç–æ-—Ç–æ –∏–¥–µ—Ç –Ω–µ —Ç–∞–∫, —Ç–æ –ª–∏... (–ü–æ–º–æ–≥–∏—Ç–µ –º–Ω–µ –≤ —Å–µ–±–µ —Ä–∞–∑–æ–±—Ä–∞—Ç—å—Å—è.) –ö–∞–∫ –±—ã —Å–∫–∞–∑–∞—Ç—å, —è –ø–æ–Ω–∏–º–∞—é —á—Ç–æ —è –¥–æ—Å—Ç–∞—Ç–æ—á–Ω–æ —Å–∏–ª—å–Ω–∞—è –ª–∏—á–Ω–æ—Å—Ç—å, –∫–æ—Ç–æ—Ä–∞—è –Ω–∞ –º–Ω–æ–≥–æ–µ —Å–ø–æ—Å–æ–±–Ω–∞. –ù–æ —Ç–∞–∫–∏–º–∏ —Ç–µ–º–ø–∞–º–∏ —è –º–æ–≥—É —Å–ª–æ–º–∞—Ç—å—Å—è. 

–ê —Ç–µ–ø–µ—Ä—å, —è –ø–æ—Å—Ç–∞—Ä–∞—é—Å—å –æ–ø–∏—Å–∞—Ç—å —Å–µ–±—è –Ω–∞–∏–±–æ–ª–µ–µ –æ–±—ä–µ–∫—Ç–∏–≤–Ω–æ. 
–Ø –ª—é–±–ª—é –∂–∏—Ç—å.
–•–æ—á—É –Ω–∞—Å–ª–∞–∂–¥–∞—Ç—å—Å—è –µ—é. –ü–ª–∞–Ω–∏—Ä—É—é –∏—Å–ø—Ä–æ–±–æ–≤–∞—Ç—å –∫—É—á—É –≤—Å—è–∫–∏—Ö –≤–µ—â–µ–π(–¥–ª—è –∫–æ–≥–æ-—Ç–æ -  –±–µ–∑—É–º—Å—Ç–≤). –°—á–∏—Ç–∞—é, —á—Ç–æ —á–µ–ª–æ–≤–µ–∫ –¥–æ–ª–∂–µ–Ω —Å—Ç—Ä–µ–º–∏—Ç—å—Å—è –∫ –∏–¥–µ–∞–ª—É. –Ø –ø–æ–Ω–∏–º–∞—é, —á—Ç–æ –Ω–∞–º –µ–≥–æ –Ω–µ –¥–æ—Å—Ç–∏—á—å, –Ω–æ –±—ã—Ç—å –ª—É—á—à–µ/–¥–æ–±—Ä–µ–µ, —á–µ–º –±—ã–ª –Ω–µ–¥–µ–ª—é –Ω–∞–∑–∞–¥ –º–æ–∂–µ—Ç –∫–∞–∂–¥—ã–π. 
–•–æ—á—É –∑–∞–≤–µ—Å—Ç–∏ —Å–µ–±–µ –º–Ω–æ–≥–æ –¥—Ä—É–∑–µ–π (–∑–Ω–∞–∫–æ–º—ã—Ö). (–ò –≤ –ø—Ä–∏–Ω—Ü–∏–ø–µ, –æ–Ω–∏ –Ω–∞—á–∞–ª–∏ –ø–æ—è–≤–ª—è—Ç—å—Å—è). –í–µ–¥—å –∫—Ä—É—Ç–æ –∏–º–µ—Ç—å –∏–Ω—Ç–µ—Ä–µ—Å–Ω—ã—Ö –ª—é–¥–µ–π, —Å –∫–æ—Ç–æ—Ä—ã–º–∏ —Ç—ã –º–æ–∂–µ—à—å –ø–æ–≥–æ–≤–æ—Ä–∏—Ç—å –Ω–∞ —Ä–∞–∑–ª–∏—á–Ω—ã–µ —Ç–µ–º—ã.      –í –∫–∞–∫–æ–π —Ç–æ –º–µ—Ä–µ —ç—Ç–æ –¥–∞–∂–µ –≤—ã–≥–æ–¥–Ω–æ –¥–ª—è –æ–±–µ–∏—Ö —Å—Ç–æ—Ä–æ–Ω, –Ω–µ–ø—Ä–∞–≤–¥–∞ –ª–∏?

–ò–∏–∏ –∫–æ–Ω–µ—á–Ω–æ. –°—Ä–µ–¥–∏ –≤–µ—â–µ–π, –∫–æ—Ç–æ—Ä—ã–µ —è –∂–µ–ª–∞—é –∏—Å–ø—ã—Ç–∞—Ç—å –µ—Å—Ç—å –∏ –ª—é–±–æ–≤—å. –ü–æ–Ω—è—Ç–∏—è –Ω–µ –∏–º–µ—é, –∫–æ–≥–¥–∞ —è –≤—Å—Ç—Ä–µ—á—É –µ–µ –Ω–∞—Å—Ç–æ—è—â–µ–π, –º–æ–∂–µ—Ç –≤ –ø—Ä–µ–¥—Å—Ç–æ—è—â–µ–º –≥–æ–¥—É, –∞ –º–æ–∂–µ—Ç –∏ –≤ 35. 
......

(–ù–∏ –æ —á–µ–º –Ω–µ —Ö–æ—á—É —Å–æ–∂–∞–ª–µ—Ç—å.)

–ï—Å–ª–∏ –ø–æ—Å—Ç —Ö–æ—Ç—å —á–µ–º —Ç–æ —Ç–µ–±–µ –ø–æ–Ω—Ä–∞–≤–∏–ª—Å—è - –ø–∏—à–∏. –û —Å–µ–±–µ –ø–æ–≤–µ–¥–∞—Ç—å –º–æ–∂–µ—à—å —Ç–æ–ª—å–∫–æ —Ç—ã —Å–∞–º. 

–í–æ–æ—Ç.)
–ß—Ç–æ –∂–µ, —Å–ø–∞—Å–∏–±–æ –≤—Å–µ–º –∫—Ç–æ –¥–æ—á–∏—Ç–∞–ª –¥–æ –∫–æ–Ω—Ü–∞, –ø—É—Å—Ç—å —É –≤–∞—Å –≤—Å–µ –±—É–¥–µ—Ç –∑–∞–º–µ—á–∞—Ç–µ–ª—å–Ω–æ!)) –∏ –Ω–∞—Å—ã—â–µ–Ω–Ω–æ–≥–æ –ì–æ–¥–∞.

–ú–æ–∂–µ—Ç —Å–ª–æ–∂–∏—Ç—å—Å—è –≤–ø–µ—á–∞—Ç–ª–µ–Ω–∏–µ, —á—Ç–æ —è —Å–ª–µ–≥–∫–∞ –Ω–µ –∏–∑ –º–∏—Ä–∞ —Å–µ–≥–æ. –ù–æ —á—Ç–æ –ø–æ–¥–µ–ª–∞–µ—à—å..?)

–ê–Ω–æ–Ω–∏–º–Ω–æ –ø–æ–∂–∞–ª—É–π—Å—Ç–∞.",2019-12-31 07:21:00,"['VK-1603736028819866', 'VK-51399158795', 'VK-27085679953']"
"–ù–µ –∞–Ω–æ–Ω.

–ú–Ω–µ 18 –ª–µ—Ç (–≤—ã–≥–ª—è–∂—É –Ω–∞ 14).

–Ø —Å–∏–º–ø–∞—Ç–∏—á–Ω—ã–π,–ø—É–Ω–∫—Ç—É–∞–ª—å–Ω—ã–π,—Å —á—É–≤—Å—Ç–≤–æ–º —é–º–æ—Ä–∞,—Ä–∞–∑–±–∏—Ä–∞—é—Å—å –≤ —Ç–µ—Ö–Ω–∏–∫–µ,–∏–≥—Ä–∞—Ö,—Å–ø–æ—Ä—Ç–µ,—Å–µ—Ä–∏–∞–ª–∞—Ö,–∞–Ω–∏–º–µ,—Ñ–∏–ª—å–º–∞—Ö –∏ –æ—Ç—á–∞—Å—Ç–∏ –≤ –∫–Ω–∏–≥–∞—Ö,–∞–±—Å–æ–ª—é—Ç–Ω—ã–π –ø—Ä–æ—Ñ–∞–Ω –ø–æ —á–∞—Å—Ç–∏ –º—É–∑—ã–∫–∏.

–ò—à—É –ø–æ–¥—Ä—É–≥—É/–¥–µ–≤—É—à–∫—É –¥–ª—è –æ–±—â–µ–Ω–∏—è –∏ –ø—Ä–æ–≥—É–ª–æ–∫,–∂–µ–ª–∞—Ç–µ–ª—å–Ω–æ –º–∏–ª—É—é –∏ –∫–æ—Ç–æ—Ä–∞—è —Ä–∞–∑–±–∏—Ä–∞–ª–∞—Å—å —Ö–æ—Ç—è –±—ã –≤ –æ–¥–Ω–æ–º –∏–∑ –≤—ã—à–µ–ø–µ—Ä–µ—á–∏—Å–ª–µ–Ω–Ω—ã—Ö –ø—É–Ω–∫—Ç–æ–≤.–ï—Å–ª–∏ —Ç—ã –º–Ω–µ –ø–æ–Ω—Ä–∞–≤–∏—à—å—Å—è –≤ –±—É–¥—É—â–µ–º –µ—Å—Ç—å –≤–æ–∑–º–æ–∂–Ω–æ—Å—Ç—å –≥—É–ª—è—Ç—å –∑–∞ –º–æ–π —Å—á—ë—Ç :3",2019-12-31 06:25:00,"['VK-1603736028819866', 'VK-25086291271', 'VK-38911069588']"
"–ê–Ω–æ–Ω
–ü–∏—à—É –≤ –ø–µ—Ä–≤—ã–µ
–•–æ—á—É –Ω–∞–π—Ç–∏ –¥–µ–≤—É—à–∫—É –¥–ª—è –æ–±—â–µ–Ω–∏—è –∞ –ø–æ—Ç–æ–º –ø–æ—Å–º–æ—Ä–∏–º 
–û–±–æ –º–Ω–µ 
15
–†–æ—Å—Ç –ø—Ä–∏–º–µ—Ä–Ω–æ 162-5
–ö–∞–∑–∞—Ö
 –∞ –æ—Å—Ç–∞–ª—å–Ω–æ–µ –≤ –ª—Å)",2019-12-31 05:25:00,"['VK-1603736028819866', 'VK-86473171805', 'VK-19586502840']"
"–ê–Ω–æ–Ω–∏–º–Ω–æ.
–ú–∏–Ω—É—Ç–∫—É –≤–∞—à–µ–≥–æ –≤–Ω–∏–º–∞–Ω–∏—è —É–≤–∞–∂–∞–µ–º—ã–µ.

–í —ç—Ç—É –º–∏–Ω—É—Ç—É, —á–∞—Å –∏ –¥–µ–Ω—å —è –æ–∫–∞–∑–∞–ª—Å—è —Ç—É—Ç –Ω–µ —Å –ø—Ä–æ—Å—Ç–∞. –ù–∞–≤–µ—Ä–Ω–æ–µ —è, –∫–∞–∫ –∏ –≤—Å–µ –∏—â—É –ø–æ–¥—Ä—É–≥—É —Å –ø–æ—Ö–æ–∂–∏–º–∏ –∏–Ω—Ç–µ—Ä–µ—Å–∞–º–∏, –∞ –º–æ–∂–µ—Ç –∏ –¥–µ–≤—É—à–∫—É.

–£ –∫–∞–∂–¥–æ–≥–æ –∏–∑ –Ω–∞—Å –¥–µ–≤—É—à–∫–∏ –≤—ã–∑—ã–≤–∞—é—Ç —Ä–∞–∑–Ω—ã–µ –∞—Å—Å–æ—Ü–∏–∞—Ü–∏–∏. –í –º–æ–µ–º –ø–æ–Ω–∏–º–∞–Ω–∏–∏ –¥–µ–≤—É—à–∫–∞ —ç—Ç–æ –Ω–µ –ø—Ä–æ—Å—Ç–æ —á–µ–ª–æ–≤–µ–∫ —Å –∫–æ—Ç–æ—Ä—ã–º –º–æ–∂–Ω–æ —Ü–µ–ª–æ–≤–∞—Ç—å—Å—è –¥–µ–Ω—å –Ω–∞ –ø—Ä–æ–ª—ë—Ç. –ï–π —Ç—ã –º–æ–∂–µ—à—å —Ä–∞—Å—Å–∫–∞–∑–∞—Ç—å —Å–∞–º—ã–µ —Å–æ–∫—Ä–æ–≤–µ–Ω–Ω—ã–µ —Ç–∞–π–Ω—ã –∏–±–æ –Ω–∏–∫–∞–∫–æ–π –ø–∞—Ä–µ–Ω—å –Ω–µ –æ–±—Å—É–∂–¥–∞–µ—Ç —ç—Ç–æ —Å —Ä–æ–¥–∏—Ç–µ–ª—è–º–∏ –∏–ª–∏ –¥—Ä—É–∑—å—è–º–∏. –¢—ã –º–æ–∂–µ—à—å –∑–≤–æ–Ω–∏—Ç—å –µ–π –∫–æ–≥–¥–∞ —É —Ç–µ–±—è —Ä–∞–¥–æ—Å—Ç—å –∏–ª–∏ –≥—Ä—É—Å—Ç—å. –û–Ω–∞ –≤—ã—Å–ª—É—à–∞–µ—Ç –∏ –¥–∞—Å—Ç –∫–∞–∫–∏–µ-–Ω–∏–±—É–¥—å —Å–æ–≤–µ—Ç—ã –∏–ª–∏ –ø—Ä–∏–µ–¥–µ—Ç –∏ –ø—Ä–æ—Å—Ç–æ –æ–±–Ω–∏–º–µ—Ç —Ç–µ–±—è.–í—ã —Å –Ω–µ–π –±—É–¥–µ—Ç–µ –æ–±—Å—É–∂–¥–∞—Ç—å –≤—Å–µ –æ—Ç –¢–∞–π–Ω—ã –ë–µ—Ä–º—É–¥—Å–∫–æ–≥–æ –¢—Ä–µ—É–≥–æ–ª—å–Ω–∏–∫–∞ –¥–æ —Ç–æ–≥–æ —á—Ç–æ –±—ã –µ–π –æ–¥–µ—Ç—å –∑–∞–≤—Ç—Ä–∞ –Ω–∞ –≤—Å—Ç—Ä–µ—á—É —Å —Ç–æ–±–æ–π.

–ú–Ω–æ–≥–∏–µ –ª—é–¥–∏ –≥–æ–≤–æ—Ä—è—Ç —á—Ç–æ –∫—Ä–∞—Å–æ—Ç–∞ —ç—Ç–æ –Ω–µ –≥–ª–∞–≤–Ω–æ–µ, –≥–ª–∞–≤–Ω–æ–µ —á—Ç–æ –Ω–∞—Ö–æ–¥–∏—Ç—Å—è –≤–Ω—É—Ç—Ä–∏. –î–∞ —è —á–∞—Å—Ç–∏—á–Ω–æ —Å–æ–≥–ª–∞—à—É—Å—å —Å —ç—Ç–∏–º –º–Ω–µ–Ω–∏–µ–º. –ù–æ –≤—Å–µ —Ä–∞–≤–Ω–æ –ª—é–¥–∏ —Å–º–æ—Ç—Ä—è—Ç –Ω–∞ –≤–Ω–µ—à–Ω–æ—Å—Ç—å.

–ï—Å–ª–∏ —Ä–∞—Å—Å–∫–∞–∑—ã–≤–∞—Ç—å –ø—Ä–æ —Å–µ–±—è, —Ç–æ —è –ø—Ä–∏—è—Ç–Ω–æ–π –≤–Ω–µ—à–Ω–æ—Å—Ç–∏. –ú–æ–π –≥–ª–∞–∑–∞ —á–∞–π–Ω–æ–≥–æ —Ü–≤–µ—Ç–∞. –í–æ–ª–æ—Å—ã –∫–æ—Ä–∏—á–Ω–µ–≤—ã–µ. –Ø –¥–æ–≤–æ–ª—å–Ω–æ –≤—ã—Å–æ–∫–∏–π, –∫–∞–∂–µ—Ç—Å—è, 183 —Å–º.

–î–∞ –∑–∞–±—ã–ª –º–Ω–µ 17 –ª–µ—Ç –∏ —è –∫–∞–∑–∞—Ö 

–£ –º–µ–Ω—è –ø—Ä–∞–∫—Ç–∏—á–µ—Å–∫–∏ –Ω–µ—Ç –∫—Ä–∏—Ç–µ—Ä–∏–π –∫ –¥–µ–≤—É—à–∫–∞–º –∫—Ä–æ–º–µ –æ–¥–Ω–æ–≥–æ. –ì–ª–∞–≤–Ω–æ–µ —á—Ç–æ–±—ã —Ç—ã –±—ã–ª–∞ —Å—Ç–∞—Ä—à–µ 15 –ª–µ—Ç. –†–æ—Å—Ç, –≤–µ—Å, –Ω–∞—Ü–∏–æ–Ω–∞–ª—å–Ω–æ—Å—Ç—å, —Ä–∞–∑–º–µ—Ä —Ç–≤–æ–µ–π –Ω–æ–≥–∏ –Ω–µ –≤–∞–∂–µ–Ω.

–ù–∞–¥–µ—é—Å—å —è –∏–∑–ª–æ–∂–∏–ª —Å–≤–æ–π –º—ã—Å–ª–∏. –°—Ç–∞–≤—å ""‚ù§"" –∏ —è –Ω–∞–ø–∏—à—É —Ç–µ–±–µ.",2019-12-31 04:25:00,"['VK-1603736028819866', 'VK-99892503685', 'VK-33402792982']"
"–ê–ù–û–ù
–Ø –∏—â—é –¥—Ä—É–≥–∞/–ø–∞—Ä–Ω—è
–ú–Ω–µ:#You13_14
–ö–∞–∑–∞—à–∫–∞
–†–æ—Å—Ç 159-162
–ú—É–∑—ã–∫–∞ üéπ
–í—Å–µ–≥–¥–∞ –ø–æ–¥–¥–µ—Ä–∂—É
–î–æ–±—Ä–∞—è, –º–∏–ª–∞—è (—Ç–∞–∫ –≥–æ–≤–æ—Ä—è—Ç) ‚úåÔ∏è
Astana English School‚ù§Ô∏è
–ü—Ä–∞–≤—ã–π 
–û —Ç–µ–±–µ;
–ö–∞–∑–∞—Ö
–í–æ–∑—Ä–∞—Å—Ç 14_15
–ù–µ –ø–æ—Ñ–∏–≥–∏—Å
–ü—Ä–∞–≤—ã–π/–ª–µ–≤—ã–π 
Maybe —Ç–æ–∂–µ –º—É–∑—ã–∫–∞–Ω—Ç 
üòäüíï‚úåÔ∏è
–ê–Ω–æ–Ω. –°—Ç–∞–≤—å + —è –æ—Ç–≤–µ—á—É üò∏üëå",2019-12-31 03:40:00,"['VK-1603736028819866', 'VK-95279072114', 'VK-59476696117']"
"–ê–Ω–æ–Ω–∏–º–Ω–æ:)
–Ø –¥–µ–≤—É—à–∫–∞üíÅüèª‚Äç‚ôÄÔ∏è–ú–Ω–µ 15
–ò—â—É –±–æ–ª—å—à–µ –¥—Ä—É–≥–∞,–∞ –Ω–µ –ø–∞—Ä–Ω—è 
–û —Å–µ–±–µ:–∏–≥—Ä–∞—é –Ω–∞ –¥–æ–º–±—ã—Ä–µ,—É—á—É—Å—å –≤ 10 –∫–ª–∞—Å—Å–µ,–∂–∏–≤—É –Ω–∞ –ø—Ä–∞–≤–æ–º,–æ—á–µ–Ω—å –ª—é–±–ª—é —à—É—Ç–∏–∏–∏—Ç—å –∏ –≤–æ–æ–±—â–µ –≤–µ—Å–µ–ª–∏—Ç—å—Å—è,–Ω–æ —Ç–∞–∫–∂–µ –ª—é–±–ª—é –≥—Ä—É—Å—Ç–Ω—ã–µ —Ñ–∏–ª—å–º—ã(–æ—Å–æ–±–µ–Ω–Ω–æ —Ä–æ–º–∞–Ω—Ç–∏–∫—É)–∫—Ä–∞—à—É –ª—é–¥–µ–π,–∏ —á–∏—Ç–∞—é —Ä–∞–∑–ª–∏—á–Ω—ã–µ –∫–Ω–∏–≥–∏:)
–û —Ç–µ–±–µ:–í–æ–∑—Ä–∞—Å—Ç –æ—Ç 15 –¥–æ 17
–û—Ä–∏–µ–Ω—Ç–∞—Ü–∏—è, –Ω–∞—Ü–∏—è,–≤–Ω–µ—à–Ω–æ—Å—Ç—å –Ω–µ –∏–º–µ–µ—Ç –Ω–∏–∫–∞–∫–æ–≥–æ –∑–Ω–∞—á–µ–Ω–∏—è –¥–ª—è –æ–±—â–µ–Ω–∏—è —Å —Ç–æ–±–æ–π.–ü—Ä–æ—Å—Ç–æ –Ω–∞–ø–∏—à–∏ + –≤ –∫–æ–º–º–µ–Ω—Ç –∏ —è —Å–≤—è–∂—É—Å—å —Å —Ç–æ–±–æ–π)
(–í –æ–∂–∏–¥–∞–Ω–∏–∏)",2019-12-31 03:27:00,"['VK-1603736028819866', 'VK-89207750655', 'VK-96360887757']"
"–∞–Ω–æ–Ω
–ø—Ä–∏–≤–µ—Ç
—ç—Ç–æ —É–∂–µ –Ω–µ –ø–µ—Ä–≤–∞—è –∞–Ω–∫–µ—Ç–∞, –Ω–æ –≤—Å–µ —Ä–∞–≤–Ω–æ —è –Ω–µ —Å–º–æ–≥ –Ω–∞–π—Ç–∏ —Å–µ–±–µ —Å–æ—É–ª–º–µ–π—Ç–∞. 
—è –¥–µ–≤–æ—á–∫–∞, –Ω–æ —á–∞—Å—Ç–µ–Ω—å–∫–æ –≥–æ–≤–æ—Ä—é –æ —Å–µ–±–µ –º—É–∂.—Ä–æ–¥–µ. 
—á—É–≤—Å—Ç–≤—É—é —Å–µ–±—è –Ω–µ–º–Ω–æ–≥–æ –æ–¥–∏–Ω–æ–∫–æ, –Ω–æ –µ–¥–∏–Ω—Å—Ç–≤–µ–Ω–Ω—ã–µ, —Ä–∞–¥–∏ –∫–æ–≥–æ —è –Ω–µ –ø–∞–¥–∞—é –¥—É—Ö–æ–º —ç—Ç–æÔºç–º–æ–∏ –¥—Ä—É–∑—å—è. –Ω–µ —Ö–æ—á–µ—à—å —Å—Ç–∞—Ç—å –æ–¥–Ω–∏–º –∏–∑ –Ω–∏—Ö? 
–Ω–µ—Ç, —è —É–≤–µ—Ä–µ–Ω, —á—Ç–æ —Ç–≤–æ–µ –º–µ—Å—Ç–æ –±—É–¥–µ—Ç –æ—Å–æ–±—ã–º, —Ç.–∫. –∫–∞–∂–¥—ã–π –º–æ–π –¥—Ä—É–≥ –∑–∞–Ω–∏–º–∞–µ—Ç –º–æ–µ –æ—Å–æ–±–æ–µ —Å–µ—Ä–¥–µ—á–∫–æ –≤ –º–æ–µ–π –∂–∏–∑–Ω–∏. 
—è –¥–æ—Å—Ç–∞—Ç–æ—á–Ω–æ –æ–±—â–∏—Ç–µ–ª—å–Ω—ã–π, –Ω–æ –∏–Ω–æ–≥–¥–∞ –∫–∞–∂–µ—Ç—Å—è, —á—Ç–æ –º–æ—è –¥—É—à–∞ —Å—Ç–∞–ª–∞ –ø—Ä–æ—Ö–æ–¥–Ω—ã–º –¥–≤–æ—Ä–æ–º –¥–ª—è –Ω–µ–∫–æ—Ç–æ—Ä—ã—Ö –º—É–¥–∞–∫–æ–≤.
—É –º–µ–Ω—è –Ω–µ—Ç —Ö–æ–±–±–∏, –ª—é–±–∏–º–æ–≥–æ –¥–µ–ª–∞ –∏ —Å–≤–æ–±–æ–¥–Ω–æ–≥–æ –≤—Ä–µ–º—è –¥–ª—è —Å–µ–±—è —Å–∞–º–æ–π. 
—è –Ω–µ –æ—á–µ–Ω—å –º–Ω–æ–≥–æ –≥—É–ª—è—é –∏–∑ –∑–∞ —É—Ä–æ–∫–æ–≤ –∏ —á–∞—Å—Ç–Ω–æ—Å—Ç–∏ –∏–∑ –∑–∞ —Å–≤–æ–∏—Ö –ø—Ä–µ–¥–∫–æ–≤.
–º–Ω–µ –Ω–µ –≤–∞–∂–Ω–æ —Å–∫–æ–ª—å–∫–æ —Ç–µ–±–µ, –Ω–æ, –ø–æ–∂–∞–ª—É–π—Å—Ç–∞, –ø—É—Å—Ç—å —Ç–µ–±–µ –±—É–¥–µ—Ç #UoY15_18 —á—Ç–æ–±—ã –º–Ω–µ –±—ã–ª–æ –Ω–∞–º–Ω–æ–≥–æ –±—ã–ª–æ –∫–æ–º—Ñ–æ—Ä—Ç–Ω–æ –ø–æ–¥–¥–µ—Ä–∂–∏–≤–∞—Ç—å —Å —Ç–æ–±–æ–π —Ä–∞–∑–≥–æ–≤–æ—Ä. 
—Å—Ç–∞–Ω—å, —Ç–µ–º –∫—Ç–æ —Å–æ–≥—Ä–µ–µ—Ç –º–æ—é –¥—É—à—É.",2019-12-31 02:25:00,"['VK-1603736028819866', 'VK-48665708525', 'VK-81500154412']"
"–ê–Ω–æ–Ω üë®‚Äçüíº 
–ú–Ω–µ 16 –ª–µ—Ç.
–£—á—É—Å—å 10 –∫–ª–∞—Å—Å–µ
–ì–æ–≤—Ä—è—Ç —è –¥–æ–±—Ä—ã–π.
–†–æ—Å—Ç 177
Ô∏è–û —Ç–µ–±–µ - 
–ò—â—É –ø–æ–¥—Ä—É–≥—É 14-18 –ª–µ—Ç),–∞ –¥–∞–ª—å—à–µ –∫–∞–∫ –ø–æ–π–¥—ë—Ç. –í–æ–∑–º–æ–∂–Ω–æ –∏ –∫–æ–º–ø–∞—à–∫—É.
–ì–ª–∞–≤–Ω–æ–µ —á—Ç–æ –±—ã –≤–µ—Å–µ–ª–æ –±—ã–ª–æ.
–î–æ–±—Ä–∞—è,–ù–∞ –≤–Ω–µ—à–Ω–æ—Å—Ç—å –Ω–µ –æ—Å–æ–±–æ —É–∂ —Å–º–æ—Ç—Ä—é, –Ω–µ—Ä–∞–≤–Ω–æ –¥—É—à–Ω–∞—è,—á—Ç–æ –±—ã –ø–æ–Ω–∏–º–∞–ª–∞.
–ü–∏—à–∏ +",2019-12-31 01:30:00,"['VK-1603736028819866', 'VK-95679257950', 'VK-61603180778']"
"–ê–Ω–æ–Ω–∏–º–Ω–æ,—Å–ø–∞—Å–∏–±–æ)
–ò—â—É –∫–æ–º–ø–∞—à–∫—É –¥–ª—è –æ–±—â–µ–Ω–∏—è –∏ –ø—Ä–æ–≥—É–ª–æ–∫)
–û–±–æ –º–Ω–µ:
–ú–∏–ª–∞—è
–ú–æ–≥—É –ø–æ–¥–¥–µ—Ä–∂–∏–≤–∞—Ç—å –≤ —Ç—Ä—É–¥–Ω–æ–µ –≤—Ä–µ–º—è
14 –ª–µ—Ç
–û–±—â–∏—Ç–µ–ª—å–Ω–∞—è
–†–æ—Å—Ç:165
–õ—é–±–ª—é —á–∏—Ç–∞—Ç—å –∏ –≥–æ—Ç–æ–≤–∏—Ç—å –±–ª—é–¥–∞
–£—á—É—Å—å –≤ 8 –∫–ª–∞—Å—Å–µ
–ì–æ–≤–æ—Ä—è—Ç –∫—Ä–∞—Å–∏–≤–∞—è,–Ω–æ –Ω–µ –∑–Ω–∞—é
–ö–∞–∑–∞—à–∫–∞
–û –≤–∞—Å: 
–û–±—â–∏—Ç–µ–ª—å–Ω—ã–µ
–ñ–µ–ª–∞—Ç–µ–ª—å–Ω–æ 14-16 –ª–µ—Ç
–ù–∞ —Ä–æ—Å—Ç –∏ –≤–Ω–µ—à–Ω–æ—Å—Ç—å –Ω–µ —Å–º–æ—Ç—Ä—é
–ñ–µ–ª–∞—Ç–µ–ª—å–Ω–æ —á—Ç–æ–±—ã –≤–ª–∞–¥–µ–ª–∏ –∏ —Ä—É—Å—Å–∫–∏–º, –∏ –∫–∞–∑–∞—Ö—Å–∫–∏–º —è–∑—ã–∫–æ–º
–ò —á—Ç–æ–±—ã –ª—é–±–∏–ª–∏ –æ–±–Ω–∏–º–∞—à–∫–∏
–≠—Ç–æ –≤—Å–µ)
–°—Ç–∞–≤—å—Ç–µ ""+"" —Å–∞–º–∞ –Ω–∞–ø–∏—à—É)",2019-12-30 14:25:00,"['VK-1603736028819866', 'VK-51008014596', 'VK-70866905528']"
"–ü—Ä–∏–≤–µ—Ç 
–ò—â—É —á–µ–ª–∏–∫–æ–≤ —Å 60—à–∫
–°–∫–æ—Ä–æ –ø–µ—Ä–µ–≤–æ–∂—É—Å—å —Ç—É–¥–∞,–Ω–µ –æ—á–µ–Ω—å —Ö–æ–¥–∏—Ç—å –∫–∞–∫ –ø—Å–∏—Ö –æ–¥–∏–Ω–æ—á–∫–∞ —Ç–∞–∫ —á—Ç–æ —Ö–æ—á—É –ø–æ–∑–Ω–∞–∫–æ–º–∏—Ç—å—Å—è –ø–æ—Ä–∞–Ω—å—à–µ   
–£—á—É—Å—å 10 –∫–ª–∞—Å—Å–µ 
–ö–∞–∫ –±—ã—ã—ã—ã—ã—ã—ã –¥–µ–≤–æ—á–∫–∞ —Å—Ç–µ—Å–Ω–∏—Ç–µ–ª—å–Ω–∞—è –ø–æ –Ω–∞—á–∞–ª—É 
–•–∑ —á—ë –µ—â–µ —Å–∫–∞–∑–∞—Ç—å 
–ü—Ä–æ—Å—Ç–æ –∫–æ–º–µ–Ω—Ç—ã –∫–∏–¥–∞–π—Ç–µ —è –Ω–∞–ø–∏—à—É
–ê–ù–û–ù",2019-12-30 13:25:00,"['VK-1603736028819866', 'VK-22061572310', 'VK-49691982478']"
